mage_path,label
data/raw/sid_set/00000_00000.jpg,1
data/raw/sid_set/00000_00001.jpg,1
data/raw/sid_set/00000_00002.jpg,1
data/raw/sid_set/00000_00004.jpg,0
data/raw/sid_set/00000_00006.jpg,0
data/raw/sid_set/00000_00008.jpg,0
data/raw/sid_set/00000_00011.jpg,0
data/raw/sid_set/00000_00012.jpg,0
data/raw/sid_set/00000_00013.jpg,0
data/raw/sid_set/00000_00014.jpg,1
data/raw/sid_set/00000_00015.jpg,0
data/raw/sid_set/00000_00016.jpg,1
data/raw/sid_set/00000_00018.jpg,0
data/raw/sid_set/00000_00019.jpg,1
data/raw/sid_set/00000_00021.jpg,0
data/raw/sid_set/00000_00023.jpg,0
data/raw/sid_set/00000_00024.jpg,1
data/raw/sid_set/00000_00025.jpg,1
data/raw/sid_set/00000_00027.jpg,0
data/raw/sid_set/00000_00029.jpg,0
data/raw/sid_set/00000_00030.jpg,0
data/raw/sid_set/00000_00031.jpg,0
data/raw/sid_set/00000_00032.jpg,0
data/raw/sid_set/00000_00033.jpg,0
data/raw/sid_set/00000_00034.jpg,1
data/raw/sid_set/00000_00035.jpg,1
data/raw/sid_set/00000_00036.jpg,1
data/raw/sid_set/00000_00038.jpg,1
data/raw/sid_set/00000_00041.jpg,0
data/raw/sid_set/00000_00042.jpg,1
data/raw/sid_set/00000_00043.jpg,1
data/raw/sid_set/00000_00044.jpg,0
data/raw/sid_set/00000_00050.jpg,0
data/raw/sid_set/00000_00051.jpg,1
data/raw/sid_set/00000_00055.jpg,1
data/raw/sid_set/00000_00057.jpg,1
data/raw/sid_set/00000_00058.jpg,0
data/raw/sid_set/00000_00060.jpg,1
data/raw/sid_set/00000_00061.jpg,0
data/raw/sid_set/00000_00064.jpg,0
data/raw/sid_set/00000_00065.jpg,0
data/raw/sid_set/00000_00066.jpg,1
data/raw/sid_set/00000_00067.jpg,1
data/raw/sid_set/00000_00068.jpg,0
data/raw/sid_set/00000_00069.jpg,1
data/raw/sid_set/00000_00074.jpg,0
data/raw/sid_set/00000_00075.jpg,0
data/raw/sid_set/00000_00077.jpg,0
data/raw/sid_set/00000_00080.jpg,0
data/raw/sid_set/00000_00081.jpg,0
data/raw/sid_set/00000_00082.jpg,1
data/raw/sid_set/00000_00084.jpg,1
data/raw/sid_set/00000_00089.jpg,0
data/raw/sid_set/00000_00090.jpg,0
data/raw/sid_set/00000_00091.jpg,0
data/raw/sid_set/00000_00092.jpg,0
data/raw/sid_set/00000_00094.jpg,0
data/raw/sid_set/00000_00095.jpg,1
data/raw/sid_set/00000_00098.jpg,1
data/raw/sid_set/00000_00101.jpg,1
data/raw/sid_set/00000_00102.jpg,1
data/raw/sid_set/00000_00104.jpg,0
data/raw/sid_set/00000_00105.jpg,0
data/raw/sid_set/00000_00106.jpg,0
data/raw/sid_set/00000_00107.jpg,0
data/raw/sid_set/00000_00108.jpg,1
data/raw/sid_set/00000_00109.jpg,1
data/raw/sid_set/00000_00110.jpg,0
data/raw/sid_set/00000_00111.jpg,1
data/raw/sid_set/00000_00112.jpg,1
data/raw/sid_set/00000_00113.jpg,1
data/raw/sid_set/00000_00114.jpg,1
data/raw/sid_set/00000_00115.jpg,0
data/raw/sid_set/00000_00117.jpg,1
data/raw/sid_set/00000_00118.jpg,0
data/raw/sid_set/00000_00120.jpg,1
data/raw/sid_set/00000_00122.jpg,0
data/raw/sid_set/00000_00123.jpg,0
data/raw/sid_set/00000_00124.jpg,1
data/raw/sid_set/00000_00125.jpg,0
data/raw/sid_set/00000_00126.jpg,0
data/raw/sid_set/00000_00127.jpg,1
data/raw/sid_set/00000_00128.jpg,1
data/raw/sid_set/00000_00129.jpg,0
data/raw/sid_set/00000_00130.jpg,0
data/raw/sid_set/00000_00133.jpg,0
data/raw/sid_set/00000_00135.jpg,1
data/raw/sid_set/00000_00136.jpg,1
data/raw/sid_set/00000_00137.jpg,1
data/raw/sid_set/00000_00139.jpg,1
data/raw/sid_set/00000_00141.jpg,0
data/raw/sid_set/00000_00142.jpg,0
data/raw/sid_set/00000_00143.jpg,1
data/raw/sid_set/00000_00145.jpg,1
data/raw/sid_set/00000_00146.jpg,1
data/raw/sid_set/00000_00148.jpg,1
data/raw/sid_set/00000_00149.jpg,0
data/raw/sid_set/00000_00150.jpg,0
data/raw/sid_set/00000_00151.jpg,0
data/raw/sid_set/00000_00152.jpg,1
data/raw/sid_set/00000_00153.jpg,1
data/raw/sid_set/00000_00154.jpg,1
data/raw/sid_set/00000_00155.jpg,1
data/raw/sid_set/00000_00158.jpg,1
data/raw/sid_set/00000_00160.jpg,0
data/raw/sid_set/00000_00162.jpg,1
data/raw/sid_set/00000_00163.jpg,0
data/raw/sid_set/00000_00164.jpg,1
data/raw/sid_set/00000_00165.jpg,1
data/raw/sid_set/00000_00166.jpg,0
data/raw/sid_set/00000_00167.jpg,0
data/raw/sid_set/00000_00168.jpg,1
data/raw/sid_set/00000_00169.jpg,1
data/raw/sid_set/00000_00170.jpg,1
data/raw/sid_set/00000_00172.jpg,0
data/raw/sid_set/00000_00173.jpg,0
data/raw/sid_set/00000_00174.jpg,1
data/raw/sid_set/00000_00176.jpg,1
data/raw/sid_set/00000_00178.jpg,0
data/raw/sid_set/00000_00180.jpg,1
data/raw/sid_set/00000_00181.jpg,0
data/raw/sid_set/00000_00183.jpg,1
data/raw/sid_set/00000_00184.jpg,1
data/raw/sid_set/00000_00185.jpg,1
data/raw/sid_set/00000_00186.jpg,0
data/raw/sid_set/00000_00190.jpg,0
data/raw/sid_set/00000_00191.jpg,1
data/raw/sid_set/00000_00192.jpg,1
data/raw/sid_set/00000_00193.jpg,1
data/raw/sid_set/00000_00194.jpg,1
data/raw/sid_set/00000_00195.jpg,1
data/raw/sid_set/00000_00196.jpg,1
data/raw/sid_set/00000_00197.jpg,1
data/raw/sid_set/00000_00198.jpg,1
data/raw/sid_set/00000_00200.jpg,1
data/raw/sid_set/00000_00202.jpg,1
data/raw/sid_set/00000_00203.jpg,0
data/raw/sid_set/00000_00204.jpg,1
data/raw/sid_set/00000_00205.jpg,1
data/raw/sid_set/00000_00206.jpg,0
data/raw/sid_set/00000_00207.jpg,0
data/raw/sid_set/00000_00210.jpg,1
data/raw/sid_set/00000_00211.jpg,1
data/raw/sid_set/00000_00212.jpg,0
data/raw/sid_set/00000_00213.jpg,0
data/raw/sid_set/00000_00217.jpg,1
data/raw/sid_set/00000_00218.jpg,1
data/raw/sid_set/00000_00219.jpg,0
data/raw/sid_set/00000_00221.jpg,1
data/raw/sid_set/00000_00222.jpg,0
data/raw/sid_set/00000_00228.jpg,0
data/raw/sid_set/00000_00229.jpg,0
data/raw/sid_set/00000_00230.jpg,1
data/raw/sid_set/00000_00231.jpg,0
data/raw/sid_set/00000_00232.jpg,1
data/raw/sid_set/00000_00234.jpg,0
data/raw/sid_set/00000_00236.jpg,0
data/raw/sid_set/00000_00237.jpg,1
data/raw/sid_set/00000_00243.jpg,1
data/raw/sid_set/00000_00244.jpg,0
data/raw/sid_set/00000_00245.jpg,0
data/raw/sid_set/00000_00246.jpg,0
data/raw/sid_set/00000_00247.jpg,0
data/raw/sid_set/00000_00248.jpg,0
data/raw/sid_set/00000_00249.jpg,0
data/raw/sid_set/00000_00250.jpg,1
data/raw/sid_set/00000_00251.jpg,1
data/raw/sid_set/00000_00252.jpg,1
data/raw/sid_set/00000_00256.jpg,1
data/raw/sid_set/00000_00257.jpg,0
data/raw/sid_set/00000_00258.jpg,0
data/raw/sid_set/00000_00259.jpg,1
data/raw/sid_set/00000_00260.jpg,0
data/raw/sid_set/00000_00261.jpg,0
data/raw/sid_set/00000_00263.jpg,1
data/raw/sid_set/00000_00264.jpg,0
data/raw/sid_set/00000_00265.jpg,0
data/raw/sid_set/00000_00266.jpg,1
data/raw/sid_set/00000_00267.jpg,1
data/raw/sid_set/00000_00270.jpg,0
data/raw/sid_set/00000_00274.jpg,1
data/raw/sid_set/00000_00275.jpg,0
data/raw/sid_set/00000_00276.jpg,1
data/raw/sid_set/00000_00277.jpg,0
data/raw/sid_set/00000_00278.jpg,1
data/raw/sid_set/00000_00279.jpg,1
data/raw/sid_set/00000_00282.jpg,0
data/raw/sid_set/00000_00283.jpg,0
data/raw/sid_set/00000_00286.jpg,1
data/raw/sid_set/00000_00287.jpg,0
data/raw/sid_set/00000_00288.jpg,1
data/raw/sid_set/00000_00289.jpg,1
data/raw/sid_set/00000_00290.jpg,1
data/raw/sid_set/00000_00291.jpg,1
data/raw/sid_set/00000_00292.jpg,1
data/raw/sid_set/00000_00294.jpg,1
data/raw/sid_set/00000_00296.jpg,1
data/raw/sid_set/00000_00298.jpg,0
data/raw/sid_set/00000_00299.jpg,0
data/raw/sid_set/00000_00300.jpg,0
data/raw/sid_set/00000_00301.jpg,0
data/raw/sid_set/00000_00302.jpg,1
data/raw/sid_set/00000_00303.jpg,0
data/raw/sid_set/00000_00305.jpg,1
data/raw/sid_set/00000_00306.jpg,1
data/raw/sid_set/00000_00307.jpg,0
data/raw/sid_set/00000_00309.jpg,0
data/raw/sid_set/00000_00310.jpg,0
data/raw/sid_set/00000_00311.jpg,0
data/raw/sid_set/00000_00312.jpg,1
data/raw/sid_set/00000_00313.jpg,0
data/raw/sid_set/00000_00315.jpg,1
data/raw/sid_set/00000_00316.jpg,0
data/raw/sid_set/00000_00317.jpg,0
data/raw/sid_set/00000_00318.jpg,0
data/raw/sid_set/00000_00319.jpg,0
data/raw/sid_set/00000_00321.jpg,1
data/raw/sid_set/00000_00322.jpg,1
data/raw/sid_set/00000_00323.jpg,0
data/raw/sid_set/00000_00325.jpg,0
data/raw/sid_set/00000_00326.jpg,0
data/raw/sid_set/00000_00328.jpg,1
data/raw/sid_set/00000_00329.jpg,1
data/raw/sid_set/00000_00330.jpg,1
data/raw/sid_set/00000_00332.jpg,0
data/raw/sid_set/00000_00335.jpg,0
data/raw/sid_set/00000_00336.jpg,1
data/raw/sid_set/00000_00337.jpg,1
data/raw/sid_set/00000_00338.jpg,1
data/raw/sid_set/00000_00339.jpg,0
data/raw/sid_set/00000_00340.jpg,0
data/raw/sid_set/00000_00341.jpg,0
data/raw/sid_set/00000_00343.jpg,0
data/raw/sid_set/00000_00345.jpg,0
data/raw/sid_set/00000_00346.jpg,1
data/raw/sid_set/00000_00348.jpg,0
data/raw/sid_set/00000_00350.jpg,1
data/raw/sid_set/00000_00351.jpg,0
data/raw/sid_set/00000_00353.jpg,0
data/raw/sid_set/00000_00354.jpg,0
data/raw/sid_set/00000_00355.jpg,1
data/raw/sid_set/00000_00356.jpg,1
data/raw/sid_set/00000_00357.jpg,1
data/raw/sid_set/00000_00358.jpg,0
data/raw/sid_set/00000_00360.jpg,1
data/raw/sid_set/00000_00361.jpg,1
data/raw/sid_set/00000_00364.jpg,0
data/raw/sid_set/00000_00365.jpg,1
data/raw/sid_set/00000_00366.jpg,0
data/raw/sid_set/00000_00370.jpg,0
data/raw/sid_set/00000_00372.jpg,1
data/raw/sid_set/00000_00373.jpg,0
data/raw/sid_set/00000_00375.jpg,0
data/raw/sid_set/00000_00376.jpg,0
data/raw/sid_set/00000_00378.jpg,0
data/raw/sid_set/00000_00379.jpg,1
data/raw/sid_set/00000_00380.jpg,1
data/raw/sid_set/00000_00381.jpg,0
data/raw/sid_set/00000_00383.jpg,1
data/raw/sid_set/00000_00385.jpg,1
data/raw/sid_set/00000_00386.jpg,0
data/raw/sid_set/00000_00387.jpg,1
data/raw/sid_set/00000_00391.jpg,0
data/raw/sid_set/00000_00392.jpg,1
data/raw/sid_set/00000_00393.jpg,1
data/raw/sid_set/00000_00394.jpg,1
data/raw/sid_set/00000_00395.jpg,0
data/raw/sid_set/00000_00396.jpg,1
data/raw/sid_set/00000_00397.jpg,1
data/raw/sid_set/00000_00399.jpg,1
data/raw/sid_set/00000_00400.jpg,1
data/raw/sid_set/00000_00402.jpg,0
data/raw/sid_set/00000_00403.jpg,1
data/raw/sid_set/00000_00404.jpg,0
data/raw/sid_set/00000_00406.jpg,1
data/raw/sid_set/00000_00408.jpg,0
data/raw/sid_set/00000_00409.jpg,1
data/raw/sid_set/00000_00410.jpg,1
data/raw/sid_set/00000_00411.jpg,1
data/raw/sid_set/00000_00412.jpg,1
data/raw/sid_set/00000_00413.jpg,0
data/raw/sid_set/00000_00415.jpg,0
data/raw/sid_set/00000_00416.jpg,1
data/raw/sid_set/00000_00417.jpg,1
data/raw/sid_set/00000_00418.jpg,0
data/raw/sid_set/00000_00419.jpg,0
data/raw/sid_set/00000_00420.jpg,1
data/raw/sid_set/00000_00421.jpg,1
data/raw/sid_set/00000_00422.jpg,0
data/raw/sid_set/00000_00423.jpg,1
data/raw/sid_set/00000_00424.jpg,1
data/raw/sid_set/00000_00425.jpg,1
data/raw/sid_set/00000_00426.jpg,0
data/raw/sid_set/00000_00428.jpg,1
data/raw/sid_set/00000_00430.jpg,0
data/raw/sid_set/00000_00431.jpg,1
data/raw/sid_set/00000_00432.jpg,1
data/raw/sid_set/00000_00433.jpg,1
data/raw/sid_set/00000_00434.jpg,1
data/raw/sid_set/00000_00435.jpg,0
data/raw/sid_set/00000_00437.jpg,0
data/raw/sid_set/00000_00440.jpg,1
data/raw/sid_set/00000_00442.jpg,1
data/raw/sid_set/00000_00443.jpg,1
data/raw/sid_set/00000_00444.jpg,0
data/raw/sid_set/00000_00445.jpg,1
data/raw/sid_set/00000_00446.jpg,1
data/raw/sid_set/00000_00447.jpg,1
data/raw/sid_set/00000_00448.jpg,1
data/raw/sid_set/00000_00449.jpg,1
data/raw/sid_set/00000_00450.jpg,1
data/raw/sid_set/00000_00453.jpg,0
data/raw/sid_set/00000_00454.jpg,1
data/raw/sid_set/00000_00456.jpg,0
data/raw/sid_set/00000_00459.jpg,0
data/raw/sid_set/00000_00461.jpg,0
data/raw/sid_set/00000_00463.jpg,0
data/raw/sid_set/00000_00464.jpg,0
data/raw/sid_set/00000_00466.jpg,1
data/raw/sid_set/00000_00467.jpg,0
data/raw/sid_set/00000_00468.jpg,0
data/raw/sid_set/00000_00470.jpg,1
data/raw/sid_set/00000_00471.jpg,0
data/raw/sid_set/00000_00472.jpg,1
data/raw/sid_set/00000_00473.jpg,1
data/raw/sid_set/00000_00475.jpg,1
data/raw/sid_set/00000_00476.jpg,0
data/raw/sid_set/00000_00477.jpg,0
data/raw/sid_set/00000_00479.jpg,1
data/raw/sid_set/00000_00481.jpg,0
data/raw/sid_set/00000_00482.jpg,1
data/raw/sid_set/00000_00484.jpg,0
data/raw/sid_set/00000_00485.jpg,0
data/raw/sid_set/00000_00486.jpg,0
data/raw/sid_set/00000_00487.jpg,1
data/raw/sid_set/00000_00488.jpg,0
data/raw/sid_set/00000_00490.jpg,0
data/raw/sid_set/00000_00491.jpg,1
data/raw/sid_set/00000_00493.jpg,1
data/raw/sid_set/00000_00495.jpg,1
data/raw/sid_set/00000_00496.jpg,0
data/raw/sid_set/00000_00497.jpg,0
data/raw/sid_set/00000_00498.jpg,0
data/raw/sid_set/00000_00499.jpg,1
data/raw/sid_set/00000_00501.jpg,0
data/raw/sid_set/00000_00503.jpg,1
data/raw/sid_set/00000_00506.jpg,0
data/raw/sid_set/00000_00507.jpg,0
data/raw/sid_set/00000_00508.jpg,0
data/raw/sid_set/00000_00510.jpg,1
data/raw/sid_set/00000_00511.jpg,0
data/raw/sid_set/00000_00512.jpg,1
data/raw/sid_set/00000_00513.jpg,0
data/raw/sid_set/00000_00514.jpg,0
data/raw/sid_set/00000_00515.jpg,0
data/raw/sid_set/00000_00516.jpg,0
data/raw/sid_set/00000_00517.jpg,1
data/raw/sid_set/00000_00518.jpg,0
data/raw/sid_set/00000_00520.jpg,1
data/raw/sid_set/00000_00521.jpg,0
data/raw/sid_set/00000_00522.jpg,0
data/raw/sid_set/00000_00523.jpg,0
data/raw/sid_set/00000_00524.jpg,1
data/raw/sid_set/00000_00526.jpg,1
data/raw/sid_set/00000_00527.jpg,1
data/raw/sid_set/00000_00528.jpg,0
data/raw/sid_set/00000_00529.jpg,0
data/raw/sid_set/00000_00531.jpg,0
data/raw/sid_set/00000_00532.jpg,0
data/raw/sid_set/00000_00533.jpg,0
data/raw/sid_set/00000_00534.jpg,1
data/raw/sid_set/00000_00535.jpg,1
data/raw/sid_set/00000_00536.jpg,0
data/raw/sid_set/00000_00540.jpg,1
data/raw/sid_set/00000_00541.jpg,1
data/raw/sid_set/00000_00542.jpg,0
data/raw/sid_set/00000_00543.jpg,0
data/raw/sid_set/00000_00544.jpg,1
data/raw/sid_set/00000_00546.jpg,1
data/raw/sid_set/00000_00548.jpg,0
data/raw/sid_set/00000_00549.jpg,1
data/raw/sid_set/00000_00550.jpg,0
data/raw/sid_set/00000_00551.jpg,0
data/raw/sid_set/00000_00552.jpg,1
data/raw/sid_set/00000_00553.jpg,1
data/raw/sid_set/00000_00554.jpg,0
data/raw/sid_set/00000_00555.jpg,0
data/raw/sid_set/00000_00556.jpg,0
data/raw/sid_set/00000_00557.jpg,1
data/raw/sid_set/00000_00558.jpg,0
data/raw/sid_set/00000_00560.jpg,1
data/raw/sid_set/00000_00561.jpg,1
data/raw/sid_set/00000_00564.jpg,1
data/raw/sid_set/00000_00565.jpg,1
data/raw/sid_set/00000_00566.jpg,0
data/raw/sid_set/00000_00568.jpg,1
data/raw/sid_set/00000_00569.jpg,1
data/raw/sid_set/00000_00571.jpg,0
data/raw/sid_set/00000_00574.jpg,0
data/raw/sid_set/00000_00575.jpg,0
data/raw/sid_set/00000_00576.jpg,0
data/raw/sid_set/00000_00578.jpg,0
data/raw/sid_set/00000_00579.jpg,1
data/raw/sid_set/00000_00580.jpg,1
data/raw/sid_set/00000_00581.jpg,1
data/raw/sid_set/00000_00582.jpg,0
data/raw/sid_set/00000_00584.jpg,0
data/raw/sid_set/00000_00585.jpg,0
data/raw/sid_set/00000_00586.jpg,0
data/raw/sid_set/00000_00588.jpg,0
data/raw/sid_set/00000_00593.jpg,1
data/raw/sid_set/00000_00595.jpg,1
data/raw/sid_set/00000_00597.jpg,0
data/raw/sid_set/00000_00599.jpg,0
data/raw/sid_set/00000_00600.jpg,1
data/raw/sid_set/00000_00602.jpg,0
data/raw/sid_set/00000_00604.jpg,0
data/raw/sid_set/00000_00605.jpg,1
data/raw/sid_set/00000_00606.jpg,1
data/raw/sid_set/00000_00607.jpg,1
data/raw/sid_set/00000_00608.jpg,1
data/raw/sid_set/00000_00609.jpg,1
data/raw/sid_set/00000_00610.jpg,1
data/raw/sid_set/00000_00611.jpg,0
data/raw/sid_set/00000_00612.jpg,1
data/raw/sid_set/00000_00614.jpg,1
data/raw/sid_set/00000_00616.jpg,1
data/raw/sid_set/00000_00617.jpg,0
data/raw/sid_set/00000_00618.jpg,0
data/raw/sid_set/00000_00619.jpg,0
data/raw/sid_set/00000_00620.jpg,0
data/raw/sid_set/00000_00621.jpg,0
data/raw/sid_set/00000_00622.jpg,0
data/raw/sid_set/00000_00623.jpg,0
data/raw/sid_set/00000_00626.jpg,1
data/raw/sid_set/00000_00627.jpg,1
data/raw/sid_set/00000_00628.jpg,0
data/raw/sid_set/00000_00629.jpg,0
data/raw/sid_set/00000_00630.jpg,0
data/raw/sid_set/00000_00631.jpg,1
data/raw/sid_set/00000_00632.jpg,1
data/raw/sid_set/00000_00634.jpg,1
data/raw/sid_set/00000_00635.jpg,0
data/raw/sid_set/00000_00639.jpg,1
data/raw/sid_set/00000_00640.jpg,1
data/raw/sid_set/00000_00644.jpg,1
data/raw/sid_set/00000_00645.jpg,1
data/raw/sid_set/00000_00646.jpg,1
data/raw/sid_set/00000_00647.jpg,1
data/raw/sid_set/00000_00648.jpg,0
data/raw/sid_set/00000_00649.jpg,1
data/raw/sid_set/00000_00650.jpg,0
data/raw/sid_set/00000_00653.jpg,0
data/raw/sid_set/00000_00654.jpg,1
data/raw/sid_set/00000_00655.jpg,1
data/raw/sid_set/00000_00656.jpg,1
data/raw/sid_set/00000_00657.jpg,0
data/raw/sid_set/00000_00658.jpg,1
data/raw/sid_set/00000_00662.jpg,0
data/raw/sid_set/00000_00663.jpg,0
data/raw/sid_set/00000_00667.jpg,1
data/raw/sid_set/00000_00669.jpg,1
data/raw/sid_set/00000_00671.jpg,0
data/raw/sid_set/00000_00675.jpg,0
data/raw/sid_set/00000_00677.jpg,0
data/raw/sid_set/00000_00678.jpg,1
data/raw/sid_set/00000_00686.jpg,1
data/raw/sid_set/00000_00687.jpg,0
data/raw/sid_set/00000_00688.jpg,1
data/raw/sid_set/00000_00689.jpg,0
data/raw/sid_set/00000_00690.jpg,1
data/raw/sid_set/00000_00692.jpg,0
data/raw/sid_set/00000_00695.jpg,1
data/raw/sid_set/00000_00696.jpg,1
data/raw/sid_set/00000_00697.jpg,1
data/raw/sid_set/00000_00698.jpg,1
data/raw/sid_set/00000_00700.jpg,1
data/raw/sid_set/00000_00701.jpg,1
data/raw/sid_set/00000_00702.jpg,0
data/raw/sid_set/00000_00703.jpg,0
data/raw/sid_set/00000_00705.jpg,1
data/raw/sid_set/00000_00707.jpg,0
data/raw/sid_set/00000_00709.jpg,0
data/raw/sid_set/00000_00712.jpg,0
data/raw/sid_set/00000_00713.jpg,0
data/raw/sid_set/00000_00714.jpg,1
data/raw/sid_set/00000_00715.jpg,0
data/raw/sid_set/00000_00719.jpg,0
data/raw/sid_set/00000_00720.jpg,0
data/raw/sid_set/00000_00722.jpg,1
data/raw/sid_set/00000_00723.jpg,1
data/raw/sid_set/00000_00724.jpg,0
data/raw/sid_set/00000_00725.jpg,0
data/raw/sid_set/00000_00726.jpg,0
data/raw/sid_set/00000_00727.jpg,1
data/raw/sid_set/00000_00728.jpg,0
data/raw/sid_set/00000_00729.jpg,0
data/raw/sid_set/00000_00731.jpg,1
data/raw/sid_set/00000_00732.jpg,1
data/raw/sid_set/00000_00733.jpg,0
data/raw/sid_set/00000_00734.jpg,1
data/raw/sid_set/00000_00735.jpg,1
data/raw/sid_set/00000_00736.jpg,1
data/raw/sid_set/00000_00737.jpg,0
data/raw/sid_set/00000_00738.jpg,0
data/raw/sid_set/00000_00741.jpg,0
data/raw/sid_set/00000_00742.jpg,0
data/raw/sid_set/00000_00745.jpg,0
data/raw/sid_set/00000_00746.jpg,0
data/raw/sid_set/00000_00747.jpg,1
data/raw/sid_set/00000_00749.jpg,1
data/raw/sid_set/00000_00750.jpg,1
data/raw/sid_set/00000_00752.jpg,0
data/raw/sid_set/00000_00753.jpg,1
data/raw/sid_set/00000_00754.jpg,0
data/raw/sid_set/00000_00755.jpg,1
data/raw/sid_set/00000_00756.jpg,1
data/raw/sid_set/00000_00757.jpg,1
data/raw/sid_set/00000_00758.jpg,0
data/raw/sid_set/00000_00759.jpg,1
data/raw/sid_set/00000_00760.jpg,0
data/raw/sid_set/00000_00762.jpg,0
data/raw/sid_set/00000_00763.jpg,1
data/raw/sid_set/00000_00764.jpg,0
data/raw/sid_set/00000_00765.jpg,1
data/raw/sid_set/00000_00767.jpg,1
data/raw/sid_set/00000_00768.jpg,1
data/raw/sid_set/00000_00769.jpg,1
data/raw/sid_set/00000_00772.jpg,0
data/raw/sid_set/00000_00774.jpg,1
data/raw/sid_set/00000_00775.jpg,0
data/raw/sid_set/00000_00777.jpg,0
data/raw/sid_set/00000_00778.jpg,1
data/raw/sid_set/00000_00780.jpg,0
data/raw/sid_set/00000_00782.jpg,0
data/raw/sid_set/00000_00783.jpg,1
data/raw/sid_set/00000_00785.jpg,0
data/raw/sid_set/00000_00786.jpg,0
data/raw/sid_set/00000_00787.jpg,0
data/raw/sid_set/00000_00788.jpg,0
data/raw/sid_set/00000_00790.jpg,1
data/raw/sid_set/00000_00791.jpg,0
data/raw/sid_set/00000_00793.jpg,1
data/raw/sid_set/00000_00797.jpg,0
data/raw/sid_set/00000_00799.jpg,0
data/raw/sid_set/00000_00800.jpg,1
data/raw/sid_set/00000_00801.jpg,1
data/raw/sid_set/00000_00803.jpg,0
data/raw/sid_set/00000_00804.jpg,0
data/raw/sid_set/00000_00805.jpg,0
data/raw/sid_set/00000_00806.jpg,1
data/raw/sid_set/00000_00807.jpg,0
data/raw/sid_set/00000_00808.jpg,0
data/raw/sid_set/00000_00809.jpg,1
data/raw/sid_set/00000_00811.jpg,0
data/raw/sid_set/00000_00812.jpg,0
data/raw/sid_set/00000_00814.jpg,0
data/raw/sid_set/00000_00815.jpg,0
data/raw/sid_set/00000_00817.jpg,1
data/raw/sid_set/00000_00818.jpg,1
data/raw/sid_set/00000_00819.jpg,1
data/raw/sid_set/00000_00823.jpg,1
data/raw/sid_set/00000_00826.jpg,0
data/raw/sid_set/00000_00827.jpg,1
data/raw/sid_set/00000_00829.jpg,1
data/raw/sid_set/00000_00830.jpg,0
data/raw/sid_set/00000_00831.jpg,0
data/raw/sid_set/00000_00832.jpg,1
data/raw/sid_set/00000_00834.jpg,1
data/raw/sid_set/00000_00835.jpg,1
data/raw/sid_set/00000_00836.jpg,0
data/raw/sid_set/00000_00837.jpg,0
data/raw/sid_set/00000_00840.jpg,1
data/raw/sid_set/00000_00841.jpg,0
data/raw/sid_set/00000_00842.jpg,0
data/raw/sid_set/00000_00843.jpg,0
data/raw/sid_set/00001_00001.jpg,0
data/raw/sid_set/00001_00003.jpg,0
data/raw/sid_set/00001_00004.jpg,0
data/raw/sid_set/00001_00006.jpg,0
data/raw/sid_set/00001_00008.jpg,1
data/raw/sid_set/00001_00009.jpg,0
data/raw/sid_set/00001_00011.jpg,0
data/raw/sid_set/00001_00012.jpg,0
data/raw/sid_set/00001_00016.jpg,0
data/raw/sid_set/00001_00018.jpg,1
data/raw/sid_set/00001_00019.jpg,1
data/raw/sid_set/00001_00020.jpg,1
data/raw/sid_set/00001_00022.jpg,1
data/raw/sid_set/00001_00023.jpg,0
data/raw/sid_set/00001_00024.jpg,0
data/raw/sid_set/00001_00025.jpg,0
data/raw/sid_set/00001_00028.jpg,1
data/raw/sid_set/00001_00029.jpg,0
data/raw/sid_set/00001_00030.jpg,0
data/raw/sid_set/00001_00032.jpg,0
data/raw/sid_set/00001_00034.jpg,1
data/raw/sid_set/00001_00038.jpg,1
data/raw/sid_set/00001_00039.jpg,1
data/raw/sid_set/00001_00040.jpg,1
data/raw/sid_set/00001_00042.jpg,1
data/raw/sid_set/00001_00043.jpg,1
data/raw/sid_set/00001_00045.jpg,0
data/raw/sid_set/00001_00046.jpg,1
data/raw/sid_set/00001_00047.jpg,0
data/raw/sid_set/00001_00048.jpg,1
data/raw/sid_set/00001_00050.jpg,1
data/raw/sid_set/00001_00051.jpg,1
data/raw/sid_set/00001_00052.jpg,1
data/raw/sid_set/00001_00053.jpg,1
data/raw/sid_set/00001_00054.jpg,0
data/raw/sid_set/00001_00055.jpg,1
data/raw/sid_set/00001_00057.jpg,0
data/raw/sid_set/00001_00058.jpg,1
data/raw/sid_set/00001_00059.jpg,0
data/raw/sid_set/00001_00060.jpg,0
data/raw/sid_set/00001_00061.jpg,1
data/raw/sid_set/00001_00062.jpg,1
data/raw/sid_set/00001_00065.jpg,0
data/raw/sid_set/00001_00066.jpg,1
data/raw/sid_set/00001_00068.jpg,0
data/raw/sid_set/00001_00069.jpg,0
data/raw/sid_set/00001_00070.jpg,0
data/raw/sid_set/00001_00071.jpg,1
data/raw/sid_set/00001_00072.jpg,0
data/raw/sid_set/00001_00073.jpg,0
data/raw/sid_set/00001_00074.jpg,1
data/raw/sid_set/00001_00077.jpg,1
data/raw/sid_set/00001_00078.jpg,1
data/raw/sid_set/00001_00079.jpg,1
data/raw/sid_set/00001_00080.jpg,0
data/raw/sid_set/00001_00082.jpg,1
data/raw/sid_set/00001_00083.jpg,1
data/raw/sid_set/00001_00084.jpg,1
data/raw/sid_set/00001_00086.jpg,0
data/raw/sid_set/00001_00087.jpg,1
data/raw/sid_set/00001_00088.jpg,1
data/raw/sid_set/00001_00090.jpg,0
data/raw/sid_set/00001_00094.jpg,1
data/raw/sid_set/00001_00095.jpg,1
data/raw/sid_set/00001_00096.jpg,1
data/raw/sid_set/00001_00098.jpg,1
data/raw/sid_set/00001_00099.jpg,1
data/raw/sid_set/00001_00100.jpg,0
data/raw/sid_set/00001_00102.jpg,1
data/raw/sid_set/00001_00103.jpg,1
data/raw/sid_set/00001_00105.jpg,1
data/raw/sid_set/00001_00106.jpg,1
data/raw/sid_set/00001_00107.jpg,1
data/raw/sid_set/00001_00109.jpg,0
data/raw/sid_set/00001_00110.jpg,0
data/raw/sid_set/00001_00111.jpg,1
data/raw/sid_set/00001_00113.jpg,1
data/raw/sid_set/00001_00114.jpg,1
data/raw/sid_set/00001_00115.jpg,0
data/raw/sid_set/00001_00116.jpg,1
data/raw/sid_set/00001_00117.jpg,0
data/raw/sid_set/00001_00118.jpg,1
data/raw/sid_set/00001_00119.jpg,1
data/raw/sid_set/00001_00120.jpg,0
data/raw/sid_set/00001_00123.jpg,0
data/raw/sid_set/00001_00124.jpg,1
data/raw/sid_set/00001_00127.jpg,0
data/raw/sid_set/00001_00128.jpg,0
data/raw/sid_set/00001_00129.jpg,1
data/raw/sid_set/00001_00130.jpg,1
data/raw/sid_set/00001_00131.jpg,0
data/raw/sid_set/00001_00132.jpg,0
data/raw/sid_set/00001_00133.jpg,1
data/raw/sid_set/00001_00136.jpg,1
data/raw/sid_set/00001_00137.jpg,0
data/raw/sid_set/00001_00140.jpg,0
data/raw/sid_set/00001_00142.jpg,0
data/raw/sid_set/00001_00143.jpg,1
data/raw/sid_set/00001_00145.jpg,1
data/raw/sid_set/00001_00146.jpg,0
data/raw/sid_set/00001_00148.jpg,0
data/raw/sid_set/00001_00151.jpg,1
data/raw/sid_set/00001_00152.jpg,0
data/raw/sid_set/00001_00153.jpg,0
data/raw/sid_set/00001_00154.jpg,0
data/raw/sid_set/00001_00157.jpg,1
data/raw/sid_set/00001_00158.jpg,1
data/raw/sid_set/00001_00159.jpg,1
data/raw/sid_set/00001_00160.jpg,1
data/raw/sid_set/00001_00163.jpg,1
data/raw/sid_set/00001_00165.jpg,0
data/raw/sid_set/00001_00166.jpg,0
data/raw/sid_set/00001_00167.jpg,1
data/raw/sid_set/00001_00168.jpg,1
data/raw/sid_set/00001_00169.jpg,1
data/raw/sid_set/00001_00173.jpg,1
data/raw/sid_set/00001_00174.jpg,0
data/raw/sid_set/00001_00176.jpg,0
data/raw/sid_set/00001_00177.jpg,1
data/raw/sid_set/00001_00178.jpg,1
data/raw/sid_set/00001_00180.jpg,0
data/raw/sid_set/00001_00181.jpg,1
data/raw/sid_set/00001_00182.jpg,0
data/raw/sid_set/00001_00183.jpg,0
data/raw/sid_set/00001_00184.jpg,1
data/raw/sid_set/00001_00185.jpg,0
data/raw/sid_set/00001_00186.jpg,0
data/raw/sid_set/00001_00187.jpg,0
data/raw/sid_set/00001_00188.jpg,0
data/raw/sid_set/00001_00191.jpg,1
data/raw/sid_set/00001_00192.jpg,0
data/raw/sid_set/00001_00193.jpg,1
data/raw/sid_set/00001_00194.jpg,1
data/raw/sid_set/00001_00195.jpg,0
data/raw/sid_set/00001_00196.jpg,0
data/raw/sid_set/00001_00198.jpg,0
data/raw/sid_set/00001_00199.jpg,0
data/raw/sid_set/00001_00200.jpg,1
data/raw/sid_set/00001_00202.jpg,0
data/raw/sid_set/00001_00203.jpg,1
data/raw/sid_set/00001_00204.jpg,0
data/raw/sid_set/00001_00205.jpg,1
data/raw/sid_set/00001_00206.jpg,0
data/raw/sid_set/00001_00207.jpg,1
data/raw/sid_set/00001_00209.jpg,0
data/raw/sid_set/00001_00211.jpg,0
data/raw/sid_set/00001_00214.jpg,0
data/raw/sid_set/00001_00215.jpg,1
data/raw/sid_set/00001_00216.jpg,1
data/raw/sid_set/00001_00217.jpg,0
data/raw/sid_set/00001_00218.jpg,0
data/raw/sid_set/00001_00223.jpg,1
data/raw/sid_set/00001_00224.jpg,1
data/raw/sid_set/00001_00226.jpg,1
data/raw/sid_set/00001_00227.jpg,1
data/raw/sid_set/00001_00228.jpg,1
data/raw/sid_set/00001_00229.jpg,0
data/raw/sid_set/00001_00230.jpg,1
data/raw/sid_set/00001_00231.jpg,0
data/raw/sid_set/00001_00232.jpg,0
data/raw/sid_set/00001_00233.jpg,0
data/raw/sid_set/00001_00235.jpg,0
data/raw/sid_set/00001_00236.jpg,0
data/raw/sid_set/00001_00240.jpg,1
data/raw/sid_set/00001_00244.jpg,0
data/raw/sid_set/00001_00246.jpg,1
data/raw/sid_set/00001_00248.jpg,1
data/raw/sid_set/00001_00249.jpg,1
data/raw/sid_set/00001_00253.jpg,1
data/raw/sid_set/00001_00254.jpg,0
data/raw/sid_set/00001_00255.jpg,1
data/raw/sid_set/00001_00256.jpg,0
data/raw/sid_set/00001_00258.jpg,0
data/raw/sid_set/00001_00260.jpg,1
data/raw/sid_set/00001_00262.jpg,1
data/raw/sid_set/00001_00263.jpg,1
data/raw/sid_set/00001_00265.jpg,1
data/raw/sid_set/00001_00266.jpg,0
data/raw/sid_set/00001_00267.jpg,1
data/raw/sid_set/00001_00268.jpg,1
data/raw/sid_set/00001_00269.jpg,0
data/raw/sid_set/00001_00270.jpg,1
data/raw/sid_set/00001_00271.jpg,0
data/raw/sid_set/00001_00272.jpg,0
data/raw/sid_set/00001_00275.jpg,0
data/raw/sid_set/00001_00276.jpg,0
data/raw/sid_set/00001_00277.jpg,0
data/raw/sid_set/00001_00278.jpg,1
data/raw/sid_set/00001_00281.jpg,1
data/raw/sid_set/00001_00284.jpg,1
data/raw/sid_set/00001_00286.jpg,0
data/raw/sid_set/00001_00288.jpg,0
data/raw/sid_set/00001_00290.jpg,0
data/raw/sid_set/00001_00291.jpg,1
data/raw/sid_set/00001_00295.jpg,1
data/raw/sid_set/00001_00297.jpg,0
data/raw/sid_set/00001_00298.jpg,0
data/raw/sid_set/00001_00299.jpg,0
data/raw/sid_set/00001_00300.jpg,1
data/raw/sid_set/00001_00301.jpg,0
data/raw/sid_set/00001_00302.jpg,1
data/raw/sid_set/00001_00303.jpg,0
data/raw/sid_set/00001_00304.jpg,0
data/raw/sid_set/00001_00305.jpg,1
data/raw/sid_set/00001_00306.jpg,0
data/raw/sid_set/00001_00308.jpg,0
data/raw/sid_set/00001_00309.jpg,0
data/raw/sid_set/00001_00312.jpg,1
data/raw/sid_set/00001_00313.jpg,0
data/raw/sid_set/00001_00314.jpg,1
data/raw/sid_set/00001_00315.jpg,1
data/raw/sid_set/00001_00316.jpg,1
data/raw/sid_set/00001_00317.jpg,1
data/raw/sid_set/00001_00318.jpg,1
data/raw/sid_set/00001_00319.jpg,1
data/raw/sid_set/00001_00320.jpg,0
data/raw/sid_set/00001_00321.jpg,1
data/raw/sid_set/00001_00322.jpg,0
data/raw/sid_set/00001_00324.jpg,1
data/raw/sid_set/00001_00326.jpg,1
data/raw/sid_set/00001_00327.jpg,0
data/raw/sid_set/00001_00331.jpg,0
data/raw/sid_set/00001_00332.jpg,0
data/raw/sid_set/00001_00333.jpg,0
data/raw/sid_set/00001_00334.jpg,0
data/raw/sid_set/00001_00335.jpg,0
data/raw/sid_set/00001_00336.jpg,0
data/raw/sid_set/00001_00337.jpg,0
data/raw/sid_set/00001_00338.jpg,0
data/raw/sid_set/00001_00339.jpg,0
data/raw/sid_set/00001_00340.jpg,0
data/raw/sid_set/00001_00341.jpg,0
data/raw/sid_set/00001_00342.jpg,0
data/raw/sid_set/00001_00345.jpg,0
data/raw/sid_set/00001_00346.jpg,1
data/raw/sid_set/00001_00348.jpg,1
data/raw/sid_set/00001_00351.jpg,1
data/raw/sid_set/00001_00352.jpg,0
data/raw/sid_set/00001_00355.jpg,0
data/raw/sid_set/00001_00356.jpg,1
data/raw/sid_set/00001_00357.jpg,0
data/raw/sid_set/00001_00359.jpg,1
data/raw/sid_set/00001_00362.jpg,0
data/raw/sid_set/00001_00363.jpg,1
data/raw/sid_set/00001_00364.jpg,1
data/raw/sid_set/00001_00365.jpg,0
data/raw/sid_set/00001_00367.jpg,0
data/raw/sid_set/00001_00368.jpg,0
data/raw/sid_set/00001_00370.jpg,1
data/raw/sid_set/00001_00372.jpg,0
data/raw/sid_set/00001_00374.jpg,1
data/raw/sid_set/00001_00375.jpg,0
data/raw/sid_set/00001_00376.jpg,0
data/raw/sid_set/00001_00377.jpg,1
data/raw/sid_set/00001_00378.jpg,1
data/raw/sid_set/00001_00379.jpg,0
data/raw/sid_set/00001_00380.jpg,1
data/raw/sid_set/00001_00383.jpg,0
data/raw/sid_set/00001_00384.jpg,1
data/raw/sid_set/00001_00385.jpg,1
data/raw/sid_set/00001_00386.jpg,0
data/raw/sid_set/00001_00387.jpg,0
data/raw/sid_set/00001_00388.jpg,1
data/raw/sid_set/00001_00389.jpg,0
data/raw/sid_set/00001_00390.jpg,1
data/raw/sid_set/00001_00391.jpg,0
data/raw/sid_set/00001_00392.jpg,0
data/raw/sid_set/00001_00393.jpg,1
data/raw/sid_set/00001_00395.jpg,1
data/raw/sid_set/00001_00397.jpg,0
data/raw/sid_set/00001_00398.jpg,0
data/raw/sid_set/00001_00399.jpg,0
data/raw/sid_set/00001_00400.jpg,1
data/raw/sid_set/00001_00401.jpg,0
data/raw/sid_set/00001_00402.jpg,1
data/raw/sid_set/00001_00404.jpg,1
data/raw/sid_set/00001_00405.jpg,0
data/raw/sid_set/00001_00406.jpg,0
data/raw/sid_set/00001_00407.jpg,1
data/raw/sid_set/00001_00408.jpg,0
data/raw/sid_set/00001_00410.jpg,0
data/raw/sid_set/00001_00411.jpg,0
data/raw/sid_set/00001_00413.jpg,0
data/raw/sid_set/00001_00414.jpg,0
data/raw/sid_set/00001_00416.jpg,0
data/raw/sid_set/00001_00418.jpg,1
data/raw/sid_set/00001_00419.jpg,1
data/raw/sid_set/00001_00421.jpg,0
data/raw/sid_set/00001_00424.jpg,0
data/raw/sid_set/00001_00427.jpg,1
data/raw/sid_set/00001_00429.jpg,1
data/raw/sid_set/00001_00431.jpg,0
data/raw/sid_set/00001_00432.jpg,0
data/raw/sid_set/00001_00434.jpg,1
data/raw/sid_set/00001_00435.jpg,1
data/raw/sid_set/00001_00436.jpg,0
data/raw/sid_set/00001_00437.jpg,0
data/raw/sid_set/00001_00438.jpg,0
data/raw/sid_set/00001_00440.jpg,1
data/raw/sid_set/00001_00442.jpg,0
data/raw/sid_set/00001_00444.jpg,1
data/raw/sid_set/00001_00445.jpg,1
data/raw/sid_set/00001_00446.jpg,1
data/raw/sid_set/00001_00447.jpg,1
data/raw/sid_set/00001_00450.jpg,1
data/raw/sid_set/00001_00452.jpg,0
data/raw/sid_set/00001_00453.jpg,0
data/raw/sid_set/00001_00454.jpg,0
data/raw/sid_set/00001_00455.jpg,1
data/raw/sid_set/00001_00456.jpg,0
data/raw/sid_set/00001_00457.jpg,0
data/raw/sid_set/00001_00458.jpg,0
data/raw/sid_set/00001_00461.jpg,1
data/raw/sid_set/00001_00462.jpg,1
data/raw/sid_set/00001_00463.jpg,1
data/raw/sid_set/00001_00465.jpg,0
data/raw/sid_set/00001_00466.jpg,1
data/raw/sid_set/00001_00469.jpg,1
data/raw/sid_set/00001_00470.jpg,0
data/raw/sid_set/00001_00471.jpg,0
data/raw/sid_set/00001_00474.jpg,1
data/raw/sid_set/00001_00477.jpg,1
data/raw/sid_set/00001_00478.jpg,1
data/raw/sid_set/00001_00479.jpg,0
data/raw/sid_set/00001_00480.jpg,1
data/raw/sid_set/00001_00481.jpg,0
data/raw/sid_set/00001_00482.jpg,1
data/raw/sid_set/00001_00484.jpg,1
data/raw/sid_set/00001_00485.jpg,1
data/raw/sid_set/00001_00486.jpg,0
data/raw/sid_set/00001_00489.jpg,0
data/raw/sid_set/00001_00491.jpg,1
data/raw/sid_set/00001_00492.jpg,0
data/raw/sid_set/00001_00494.jpg,1
data/raw/sid_set/00001_00496.jpg,0
data/raw/sid_set/00001_00497.jpg,0
data/raw/sid_set/00001_00498.jpg,1
data/raw/sid_set/00001_00500.jpg,1
data/raw/sid_set/00001_00502.jpg,0
data/raw/sid_set/00001_00504.jpg,1
data/raw/sid_set/00001_00505.jpg,1
data/raw/sid_set/00001_00507.jpg,1
data/raw/sid_set/00001_00508.jpg,0
data/raw/sid_set/00001_00509.jpg,0
data/raw/sid_set/00001_00510.jpg,1
data/raw/sid_set/00001_00511.jpg,0
data/raw/sid_set/00001_00512.jpg,0
data/raw/sid_set/00001_00513.jpg,1
data/raw/sid_set/00001_00514.jpg,0
data/raw/sid_set/00001_00515.jpg,0
data/raw/sid_set/00001_00516.jpg,1
data/raw/sid_set/00001_00517.jpg,1
data/raw/sid_set/00001_00519.jpg,0
data/raw/sid_set/00001_00520.jpg,0
data/raw/sid_set/00001_00521.jpg,1
data/raw/sid_set/00001_00522.jpg,0
data/raw/sid_set/00001_00523.jpg,0
data/raw/sid_set/00001_00525.jpg,1
data/raw/sid_set/00001_00526.jpg,1
data/raw/sid_set/00001_00527.jpg,1
data/raw/sid_set/00001_00528.jpg,0
data/raw/sid_set/00001_00530.jpg,1
data/raw/sid_set/00001_00531.jpg,1
data/raw/sid_set/00001_00532.jpg,1
data/raw/sid_set/00001_00534.jpg,0
data/raw/sid_set/00001_00535.jpg,0
data/raw/sid_set/00001_00536.jpg,1
data/raw/sid_set/00001_00538.jpg,1
data/raw/sid_set/00001_00540.jpg,1
data/raw/sid_set/00001_00541.jpg,1
data/raw/sid_set/00001_00542.jpg,1
data/raw/sid_set/00001_00543.jpg,0
data/raw/sid_set/00001_00546.jpg,1
data/raw/sid_set/00001_00547.jpg,1
data/raw/sid_set/00001_00549.jpg,1
data/raw/sid_set/00001_00550.jpg,0
data/raw/sid_set/00001_00552.jpg,1
data/raw/sid_set/00001_00554.jpg,0
data/raw/sid_set/00001_00555.jpg,1
data/raw/sid_set/00001_00556.jpg,1
data/raw/sid_set/00001_00557.jpg,1
data/raw/sid_set/00001_00559.jpg,1
data/raw/sid_set/00001_00561.jpg,0
data/raw/sid_set/00001_00562.jpg,0
data/raw/sid_set/00001_00564.jpg,0
data/raw/sid_set/00001_00568.jpg,1
data/raw/sid_set/00001_00569.jpg,1
data/raw/sid_set/00001_00570.jpg,0
data/raw/sid_set/00001_00571.jpg,1
data/raw/sid_set/00001_00572.jpg,1
data/raw/sid_set/00001_00573.jpg,0
data/raw/sid_set/00001_00574.jpg,0
data/raw/sid_set/00001_00575.jpg,1
data/raw/sid_set/00001_00577.jpg,1
data/raw/sid_set/00001_00578.jpg,1
data/raw/sid_set/00001_00579.jpg,1
data/raw/sid_set/00001_00581.jpg,0
data/raw/sid_set/00001_00582.jpg,1
data/raw/sid_set/00001_00583.jpg,1
data/raw/sid_set/00001_00584.jpg,0
data/raw/sid_set/00001_00586.jpg,0
data/raw/sid_set/00001_00588.jpg,1
data/raw/sid_set/00001_00589.jpg,0
data/raw/sid_set/00001_00591.jpg,0
data/raw/sid_set/00001_00592.jpg,1
data/raw/sid_set/00001_00595.jpg,0
data/raw/sid_set/00001_00596.jpg,0
data/raw/sid_set/00001_00597.jpg,1
data/raw/sid_set/00001_00598.jpg,1
data/raw/sid_set/00001_00599.jpg,1
data/raw/sid_set/00001_00600.jpg,1
data/raw/sid_set/00001_00601.jpg,1
data/raw/sid_set/00001_00602.jpg,0
data/raw/sid_set/00001_00603.jpg,1
data/raw/sid_set/00001_00604.jpg,1
data/raw/sid_set/00001_00606.jpg,0
data/raw/sid_set/00001_00607.jpg,1
data/raw/sid_set/00001_00609.jpg,1
data/raw/sid_set/00001_00611.jpg,0
data/raw/sid_set/00001_00612.jpg,0
data/raw/sid_set/00001_00613.jpg,0
data/raw/sid_set/00001_00618.jpg,1
data/raw/sid_set/00001_00619.jpg,0
data/raw/sid_set/00001_00620.jpg,1
data/raw/sid_set/00001_00623.jpg,0
data/raw/sid_set/00001_00626.jpg,1
data/raw/sid_set/00001_00628.jpg,1
data/raw/sid_set/00001_00630.jpg,1
data/raw/sid_set/00001_00631.jpg,1
data/raw/sid_set/00001_00633.jpg,0
data/raw/sid_set/00001_00634.jpg,1
data/raw/sid_set/00001_00636.jpg,1
data/raw/sid_set/00001_00637.jpg,0
data/raw/sid_set/00001_00639.jpg,1
data/raw/sid_set/00001_00640.jpg,0
data/raw/sid_set/00001_00641.jpg,0
data/raw/sid_set/00001_00643.jpg,1
data/raw/sid_set/00001_00646.jpg,0
data/raw/sid_set/00001_00647.jpg,1
data/raw/sid_set/00001_00648.jpg,0
data/raw/sid_set/00001_00650.jpg,0
data/raw/sid_set/00001_00651.jpg,1
data/raw/sid_set/00001_00652.jpg,0
data/raw/sid_set/00001_00653.jpg,0
data/raw/sid_set/00001_00654.jpg,1
data/raw/sid_set/00001_00655.jpg,0
data/raw/sid_set/00001_00656.jpg,0
data/raw/sid_set/00001_00657.jpg,0
data/raw/sid_set/00001_00658.jpg,1
data/raw/sid_set/00001_00660.jpg,0
data/raw/sid_set/00001_00662.jpg,0
data/raw/sid_set/00001_00665.jpg,0
data/raw/sid_set/00001_00666.jpg,1
data/raw/sid_set/00001_00667.jpg,1
data/raw/sid_set/00001_00668.jpg,0
data/raw/sid_set/00001_00669.jpg,0
data/raw/sid_set/00001_00670.jpg,0
data/raw/sid_set/00001_00671.jpg,0
data/raw/sid_set/00001_00672.jpg,0
data/raw/sid_set/00001_00673.jpg,0
data/raw/sid_set/00001_00674.jpg,0
data/raw/sid_set/00001_00675.jpg,0
data/raw/sid_set/00001_00676.jpg,1
data/raw/sid_set/00001_00677.jpg,0
data/raw/sid_set/00001_00678.jpg,1
data/raw/sid_set/00001_00679.jpg,0
data/raw/sid_set/00001_00680.jpg,0
data/raw/sid_set/00001_00681.jpg,1
data/raw/sid_set/00001_00682.jpg,1
data/raw/sid_set/00001_00683.jpg,0
data/raw/sid_set/00001_00685.jpg,1
data/raw/sid_set/00001_00687.jpg,1
data/raw/sid_set/00001_00688.jpg,1
data/raw/sid_set/00001_00690.jpg,0
data/raw/sid_set/00001_00692.jpg,0
data/raw/sid_set/00001_00693.jpg,1
data/raw/sid_set/00001_00696.jpg,1
data/raw/sid_set/00001_00698.jpg,0
data/raw/sid_set/00001_00699.jpg,1
data/raw/sid_set/00001_00701.jpg,1
data/raw/sid_set/00001_00703.jpg,0
data/raw/sid_set/00001_00704.jpg,0
data/raw/sid_set/00001_00705.jpg,0
data/raw/sid_set/00001_00706.jpg,0
data/raw/sid_set/00001_00708.jpg,1
data/raw/sid_set/00001_00710.jpg,1
data/raw/sid_set/00001_00714.jpg,0
data/raw/sid_set/00001_00716.jpg,0
data/raw/sid_set/00001_00718.jpg,1
data/raw/sid_set/00001_00719.jpg,1
data/raw/sid_set/00001_00720.jpg,1
data/raw/sid_set/00001_00721.jpg,1
data/raw/sid_set/00001_00723.jpg,1
data/raw/sid_set/00001_00724.jpg,0
data/raw/sid_set/00001_00727.jpg,0
data/raw/sid_set/00001_00728.jpg,0
data/raw/sid_set/00001_00730.jpg,1
data/raw/sid_set/00001_00731.jpg,1
data/raw/sid_set/00001_00732.jpg,1
data/raw/sid_set/00001_00734.jpg,0
data/raw/sid_set/00001_00735.jpg,1
data/raw/sid_set/00001_00736.jpg,1
data/raw/sid_set/00001_00737.jpg,0
data/raw/sid_set/00001_00738.jpg,0
data/raw/sid_set/00001_00739.jpg,1
data/raw/sid_set/00001_00740.jpg,0
data/raw/sid_set/00001_00742.jpg,1
data/raw/sid_set/00001_00743.jpg,0
data/raw/sid_set/00001_00744.jpg,0
data/raw/sid_set/00001_00745.jpg,1
data/raw/sid_set/00001_00746.jpg,0
data/raw/sid_set/00001_00747.jpg,1
data/raw/sid_set/00001_00748.jpg,1
data/raw/sid_set/00001_00750.jpg,0
data/raw/sid_set/00001_00751.jpg,1
data/raw/sid_set/00001_00753.jpg,0
data/raw/sid_set/00001_00754.jpg,1
data/raw/sid_set/00001_00755.jpg,1
data/raw/sid_set/00001_00756.jpg,1
data/raw/sid_set/00001_00757.jpg,1
data/raw/sid_set/00001_00758.jpg,1
data/raw/sid_set/00001_00760.jpg,0
data/raw/sid_set/00001_00761.jpg,1
data/raw/sid_set/00001_00762.jpg,0
data/raw/sid_set/00001_00763.jpg,0
data/raw/sid_set/00001_00764.jpg,0
data/raw/sid_set/00001_00765.jpg,1
data/raw/sid_set/00001_00766.jpg,0
data/raw/sid_set/00001_00768.jpg,0
data/raw/sid_set/00001_00769.jpg,1
data/raw/sid_set/00001_00772.jpg,1
data/raw/sid_set/00001_00775.jpg,1
data/raw/sid_set/00001_00778.jpg,0
data/raw/sid_set/00001_00779.jpg,0
data/raw/sid_set/00001_00780.jpg,1
data/raw/sid_set/00001_00781.jpg,0
data/raw/sid_set/00001_00785.jpg,0
data/raw/sid_set/00001_00787.jpg,1
data/raw/sid_set/00001_00788.jpg,0
data/raw/sid_set/00001_00790.jpg,0
data/raw/sid_set/00001_00791.jpg,1
data/raw/sid_set/00001_00792.jpg,1
data/raw/sid_set/00001_00793.jpg,1
data/raw/sid_set/00001_00797.jpg,0
data/raw/sid_set/00001_00798.jpg,0
data/raw/sid_set/00001_00802.jpg,1
data/raw/sid_set/00001_00803.jpg,0
data/raw/sid_set/00001_00805.jpg,0
data/raw/sid_set/00001_00806.jpg,0
data/raw/sid_set/00001_00808.jpg,0
data/raw/sid_set/00001_00810.jpg,0
data/raw/sid_set/00001_00812.jpg,1
data/raw/sid_set/00001_00815.jpg,0
data/raw/sid_set/00001_00816.jpg,1
data/raw/sid_set/00001_00817.jpg,0
data/raw/sid_set/00001_00818.jpg,1
data/raw/sid_set/00001_00821.jpg,0
data/raw/sid_set/00001_00822.jpg,1
data/raw/sid_set/00001_00823.jpg,0
data/raw/sid_set/00001_00825.jpg,1
data/raw/sid_set/00001_00826.jpg,1
data/raw/sid_set/00001_00827.jpg,0
data/raw/sid_set/00001_00828.jpg,0
data/raw/sid_set/00001_00829.jpg,1
data/raw/sid_set/00001_00830.jpg,0
data/raw/sid_set/00001_00831.jpg,0
data/raw/sid_set/00001_00832.jpg,1
data/raw/sid_set/00001_00833.jpg,1
data/raw/sid_set/00001_00834.jpg,1
data/raw/sid_set/00001_00836.jpg,0
data/raw/sid_set/00001_00837.jpg,1
data/raw/sid_set/00001_00840.jpg,1
data/raw/sid_set/00001_00842.jpg,1
data/raw/sid_set/00002_00001.jpg,1
data/raw/sid_set/00002_00002.jpg,1
data/raw/sid_set/00002_00003.jpg,1
data/raw/sid_set/00002_00006.jpg,1
data/raw/sid_set/00002_00007.jpg,1
data/raw/sid_set/00002_00008.jpg,1
data/raw/sid_set/00002_00009.jpg,1
data/raw/sid_set/00002_00010.jpg,1
data/raw/sid_set/00002_00015.jpg,0
data/raw/sid_set/00002_00017.jpg,0
data/raw/sid_set/00002_00019.jpg,0
data/raw/sid_set/00002_00021.jpg,0
data/raw/sid_set/00002_00022.jpg,0
data/raw/sid_set/00002_00025.jpg,1
data/raw/sid_set/00002_00026.jpg,0
data/raw/sid_set/00002_00029.jpg,0
data/raw/sid_set/00002_00030.jpg,0
data/raw/sid_set/00002_00031.jpg,0
data/raw/sid_set/00002_00032.jpg,0
data/raw/sid_set/00002_00034.jpg,1
data/raw/sid_set/00002_00037.jpg,1
data/raw/sid_set/00002_00039.jpg,0
data/raw/sid_set/00002_00040.jpg,1
data/raw/sid_set/00002_00045.jpg,0
data/raw/sid_set/00002_00046.jpg,0
data/raw/sid_set/00002_00048.jpg,0
data/raw/sid_set/00002_00049.jpg,0
data/raw/sid_set/00002_00050.jpg,1
data/raw/sid_set/00002_00052.jpg,1
data/raw/sid_set/00002_00055.jpg,1
data/raw/sid_set/00002_00056.jpg,1
data/raw/sid_set/00002_00057.jpg,0
data/raw/sid_set/00002_00058.jpg,1
data/raw/sid_set/00002_00061.jpg,1
data/raw/sid_set/00002_00062.jpg,1
data/raw/sid_set/00002_00063.jpg,0
data/raw/sid_set/00002_00064.jpg,0
data/raw/sid_set/00002_00065.jpg,0
data/raw/sid_set/00002_00066.jpg,0
data/raw/sid_set/00002_00067.jpg,0
data/raw/sid_set/00002_00071.jpg,1
data/raw/sid_set/00002_00073.jpg,1
data/raw/sid_set/00002_00074.jpg,1
data/raw/sid_set/00002_00076.jpg,1
data/raw/sid_set/00002_00078.jpg,0
data/raw/sid_set/00002_00079.jpg,0
data/raw/sid_set/00002_00081.jpg,0
data/raw/sid_set/00002_00083.jpg,1
data/raw/sid_set/00002_00086.jpg,1
data/raw/sid_set/00002_00087.jpg,0
data/raw/sid_set/00002_00089.jpg,0
data/raw/sid_set/00002_00092.jpg,0
data/raw/sid_set/00002_00095.jpg,1
data/raw/sid_set/00002_00097.jpg,0
data/raw/sid_set/00002_00098.jpg,1
data/raw/sid_set/00002_00100.jpg,0
data/raw/sid_set/00002_00101.jpg,0
data/raw/sid_set/00002_00102.jpg,0
data/raw/sid_set/00002_00103.jpg,0
data/raw/sid_set/00002_00104.jpg,1
data/raw/sid_set/00002_00105.jpg,0
data/raw/sid_set/00002_00106.jpg,0
data/raw/sid_set/00002_00107.jpg,1
data/raw/sid_set/00002_00108.jpg,0
data/raw/sid_set/00002_00109.jpg,1
data/raw/sid_set/00002_00110.jpg,0
data/raw/sid_set/00002_00111.jpg,0
data/raw/sid_set/00002_00112.jpg,1
data/raw/sid_set/00002_00113.jpg,0
data/raw/sid_set/00002_00115.jpg,0
data/raw/sid_set/00002_00117.jpg,0
data/raw/sid_set/00002_00118.jpg,0
data/raw/sid_set/00002_00120.jpg,1
data/raw/sid_set/00002_00122.jpg,0
data/raw/sid_set/00002_00123.jpg,0
data/raw/sid_set/00002_00124.jpg,0
data/raw/sid_set/00002_00125.jpg,0
data/raw/sid_set/00002_00127.jpg,0
data/raw/sid_set/00002_00131.jpg,1
data/raw/sid_set/00002_00132.jpg,1
data/raw/sid_set/00002_00133.jpg,1
data/raw/sid_set/00002_00135.jpg,0
data/raw/sid_set/00002_00138.jpg,0
data/raw/sid_set/00002_00139.jpg,0
data/raw/sid_set/00002_00140.jpg,1
data/raw/sid_set/00002_00141.jpg,0
data/raw/sid_set/00002_00142.jpg,1
data/raw/sid_set/00002_00143.jpg,1
data/raw/sid_set/00002_00144.jpg,1
data/raw/sid_set/00002_00146.jpg,0
data/raw/sid_set/00002_00148.jpg,0
data/raw/sid_set/00002_00149.jpg,0
data/raw/sid_set/00002_00151.jpg,1
data/raw/sid_set/00002_00152.jpg,0
data/raw/sid_set/00002_00156.jpg,0
data/raw/sid_set/00002_00157.jpg,0
data/raw/sid_set/00002_00159.jpg,1
data/raw/sid_set/00002_00161.jpg,0
data/raw/sid_set/00002_00162.jpg,0
data/raw/sid_set/00002_00163.jpg,1
data/raw/sid_set/00002_00165.jpg,1
data/raw/sid_set/00002_00166.jpg,0
data/raw/sid_set/00002_00167.jpg,0
data/raw/sid_set/00002_00168.jpg,1
data/raw/sid_set/00002_00169.jpg,0
data/raw/sid_set/00002_00170.jpg,0
data/raw/sid_set/00002_00173.jpg,1
data/raw/sid_set/00002_00174.jpg,1
data/raw/sid_set/00002_00175.jpg,1
data/raw/sid_set/00002_00176.jpg,1
data/raw/sid_set/00002_00179.jpg,1
data/raw/sid_set/00002_00180.jpg,1
data/raw/sid_set/00002_00181.jpg,1
data/raw/sid_set/00002_00182.jpg,0
data/raw/sid_set/00002_00184.jpg,1
data/raw/sid_set/00002_00186.jpg,0
data/raw/sid_set/00002_00187.jpg,1
data/raw/sid_set/00002_00188.jpg,0
data/raw/sid_set/00002_00189.jpg,1
data/raw/sid_set/00002_00190.jpg,1
data/raw/sid_set/00002_00191.jpg,1
data/raw/sid_set/00002_00192.jpg,0
data/raw/sid_set/00002_00193.jpg,0
data/raw/sid_set/00002_00194.jpg,0
data/raw/sid_set/00002_00195.jpg,1
data/raw/sid_set/00002_00196.jpg,1
data/raw/sid_set/00002_00197.jpg,1
data/raw/sid_set/00002_00198.jpg,1
data/raw/sid_set/00002_00199.jpg,1
data/raw/sid_set/00002_00200.jpg,1
data/raw/sid_set/00002_00201.jpg,0
data/raw/sid_set/00002_00203.jpg,1
data/raw/sid_set/00002_00204.jpg,0
data/raw/sid_set/00002_00205.jpg,1
data/raw/sid_set/00002_00206.jpg,1
data/raw/sid_set/00002_00207.jpg,0
data/raw/sid_set/00002_00208.jpg,0
data/raw/sid_set/00002_00209.jpg,1
data/raw/sid_set/00002_00210.jpg,0
data/raw/sid_set/00002_00211.jpg,1
data/raw/sid_set/00002_00212.jpg,1
data/raw/sid_set/00002_00213.jpg,0
data/raw/sid_set/00002_00214.jpg,1
data/raw/sid_set/00002_00215.jpg,0
data/raw/sid_set/00002_00216.jpg,0
data/raw/sid_set/00002_00218.jpg,1
data/raw/sid_set/00002_00219.jpg,1
data/raw/sid_set/00002_00222.jpg,1
data/raw/sid_set/00002_00224.jpg,0
data/raw/sid_set/00002_00225.jpg,1
data/raw/sid_set/00002_00227.jpg,1
data/raw/sid_set/00002_00232.jpg,0
data/raw/sid_set/00002_00236.jpg,0
data/raw/sid_set/00002_00237.jpg,1
data/raw/sid_set/00002_00239.jpg,1
data/raw/sid_set/00002_00240.jpg,0
data/raw/sid_set/00002_00241.jpg,0
data/raw/sid_set/00002_00242.jpg,1
data/raw/sid_set/00002_00245.jpg,1
data/raw/sid_set/00002_00247.jpg,1
data/raw/sid_set/00002_00249.jpg,0
data/raw/sid_set/00002_00250.jpg,0
data/raw/sid_set/00002_00251.jpg,1
data/raw/sid_set/00002_00252.jpg,1
data/raw/sid_set/00002_00253.jpg,1
data/raw/sid_set/00002_00256.jpg,0
data/raw/sid_set/00002_00257.jpg,1
data/raw/sid_set/00002_00258.jpg,0
data/raw/sid_set/00002_00259.jpg,1
data/raw/sid_set/00002_00262.jpg,0
data/raw/sid_set/00002_00264.jpg,0
data/raw/sid_set/00002_00269.jpg,1
data/raw/sid_set/00002_00270.jpg,0
data/raw/sid_set/00002_00272.jpg,0
data/raw/sid_set/00002_00273.jpg,0
data/raw/sid_set/00002_00275.jpg,1
data/raw/sid_set/00002_00277.jpg,1
data/raw/sid_set/00002_00278.jpg,0
data/raw/sid_set/00002_00279.jpg,1
data/raw/sid_set/00002_00280.jpg,0
data/raw/sid_set/00002_00281.jpg,1
data/raw/sid_set/00002_00284.jpg,0
data/raw/sid_set/00002_00286.jpg,0
data/raw/sid_set/00002_00291.jpg,0
data/raw/sid_set/00002_00292.jpg,1
data/raw/sid_set/00002_00294.jpg,0
data/raw/sid_set/00002_00295.jpg,1
data/raw/sid_set/00002_00296.jpg,0
data/raw/sid_set/00002_00299.jpg,0
data/raw/sid_set/00002_00300.jpg,1
data/raw/sid_set/00002_00301.jpg,0
data/raw/sid_set/00002_00302.jpg,1
data/raw/sid_set/00002_00303.jpg,1
data/raw/sid_set/00002_00304.jpg,1
data/raw/sid_set/00002_00305.jpg,1
data/raw/sid_set/00002_00306.jpg,1
data/raw/sid_set/00002_00307.jpg,1
data/raw/sid_set/00002_00308.jpg,0
data/raw/sid_set/00002_00309.jpg,0
data/raw/sid_set/00002_00310.jpg,1
data/raw/sid_set/00002_00311.jpg,0
data/raw/sid_set/00002_00315.jpg,1
data/raw/sid_set/00002_00317.jpg,0
data/raw/sid_set/00002_00319.jpg,1
data/raw/sid_set/00002_00320.jpg,1
data/raw/sid_set/00002_00321.jpg,0
data/raw/sid_set/00002_00323.jpg,0
data/raw/sid_set/00002_00325.jpg,0
data/raw/sid_set/00002_00326.jpg,1
data/raw/sid_set/00002_00327.jpg,1
data/raw/sid_set/00002_00328.jpg,0
data/raw/sid_set/00002_00330.jpg,0
data/raw/sid_set/00002_00334.jpg,1
data/raw/sid_set/00002_00335.jpg,1
data/raw/sid_set/00002_00336.jpg,0
data/raw/sid_set/00002_00337.jpg,0
data/raw/sid_set/00002_00338.jpg,0
data/raw/sid_set/00002_00342.jpg,0
data/raw/sid_set/00002_00343.jpg,1
data/raw/sid_set/00002_00345.jpg,0
data/raw/sid_set/00002_00346.jpg,0
data/raw/sid_set/00002_00348.jpg,0
data/raw/sid_set/00002_00349.jpg,0
data/raw/sid_set/00002_00350.jpg,1
data/raw/sid_set/00002_00351.jpg,1
data/raw/sid_set/00002_00352.jpg,0
data/raw/sid_set/00002_00353.jpg,1
data/raw/sid_set/00002_00354.jpg,0
data/raw/sid_set/00002_00355.jpg,1
data/raw/sid_set/00002_00356.jpg,1
data/raw/sid_set/00002_00358.jpg,0
data/raw/sid_set/00002_00360.jpg,1
data/raw/sid_set/00002_00361.jpg,0
data/raw/sid_set/00002_00363.jpg,1
data/raw/sid_set/00002_00364.jpg,1
data/raw/sid_set/00002_00365.jpg,0
data/raw/sid_set/00002_00367.jpg,1
data/raw/sid_set/00002_00368.jpg,1
data/raw/sid_set/00002_00370.jpg,1
data/raw/sid_set/00002_00371.jpg,0
data/raw/sid_set/00002_00373.jpg,1
data/raw/sid_set/00002_00374.jpg,1
data/raw/sid_set/00002_00375.jpg,0
data/raw/sid_set/00002_00376.jpg,1
data/raw/sid_set/00002_00378.jpg,1
data/raw/sid_set/00002_00379.jpg,0
data/raw/sid_set/00002_00380.jpg,0
data/raw/sid_set/00002_00381.jpg,0
data/raw/sid_set/00002_00382.jpg,1
data/raw/sid_set/00002_00383.jpg,0
data/raw/sid_set/00002_00384.jpg,0
data/raw/sid_set/00002_00385.jpg,0
data/raw/sid_set/00002_00386.jpg,1
data/raw/sid_set/00002_00389.jpg,1
data/raw/sid_set/00002_00390.jpg,0
data/raw/sid_set/00002_00391.jpg,1
data/raw/sid_set/00002_00392.jpg,0
data/raw/sid_set/00002_00393.jpg,1
data/raw/sid_set/00002_00395.jpg,0
data/raw/sid_set/00002_00396.jpg,1
data/raw/sid_set/00002_00397.jpg,0
data/raw/sid_set/00002_00399.jpg,1
data/raw/sid_set/00002_00400.jpg,1
data/raw/sid_set/00002_00402.jpg,1
data/raw/sid_set/00002_00405.jpg,0
data/raw/sid_set/00002_00406.jpg,0
data/raw/sid_set/00002_00407.jpg,1
data/raw/sid_set/00002_00408.jpg,0
data/raw/sid_set/00002_00412.jpg,1
data/raw/sid_set/00002_00413.jpg,0
data/raw/sid_set/00002_00414.jpg,1
data/raw/sid_set/00002_00415.jpg,1
data/raw/sid_set/00002_00416.jpg,0
data/raw/sid_set/00002_00417.jpg,1
data/raw/sid_set/00002_00418.jpg,1
data/raw/sid_set/00002_00419.jpg,1
data/raw/sid_set/00002_00420.jpg,1
data/raw/sid_set/00002_00421.jpg,1
data/raw/sid_set/00002_00422.jpg,1
data/raw/sid_set/00002_00424.jpg,0
data/raw/sid_set/00002_00426.jpg,0
data/raw/sid_set/00002_00427.jpg,0
data/raw/sid_set/00002_00430.jpg,1
data/raw/sid_set/00002_00432.jpg,0
data/raw/sid_set/00002_00435.jpg,0
data/raw/sid_set/00002_00436.jpg,1
data/raw/sid_set/00002_00440.jpg,1
data/raw/sid_set/00002_00445.jpg,1
data/raw/sid_set/00002_00448.jpg,1
data/raw/sid_set/00002_00449.jpg,0
data/raw/sid_set/00002_00450.jpg,1
data/raw/sid_set/00002_00451.jpg,1
data/raw/sid_set/00002_00452.jpg,1
data/raw/sid_set/00002_00453.jpg,1
data/raw/sid_set/00002_00456.jpg,1
data/raw/sid_set/00002_00458.jpg,0
data/raw/sid_set/00002_00459.jpg,0
data/raw/sid_set/00002_00460.jpg,1
data/raw/sid_set/00002_00461.jpg,1
data/raw/sid_set/00002_00462.jpg,0
data/raw/sid_set/00002_00466.jpg,0
data/raw/sid_set/00002_00467.jpg,0
data/raw/sid_set/00002_00469.jpg,1
data/raw/sid_set/00002_00470.jpg,0
data/raw/sid_set/00002_00471.jpg,1
data/raw/sid_set/00002_00474.jpg,1
data/raw/sid_set/00002_00475.jpg,1
data/raw/sid_set/00002_00476.jpg,0
data/raw/sid_set/00002_00477.jpg,1
data/raw/sid_set/00002_00478.jpg,1
data/raw/sid_set/00002_00479.jpg,1
data/raw/sid_set/00002_00481.jpg,1
data/raw/sid_set/00002_00482.jpg,1
data/raw/sid_set/00002_00483.jpg,0
data/raw/sid_set/00002_00485.jpg,0
data/raw/sid_set/00002_00486.jpg,0
data/raw/sid_set/00002_00487.jpg,1
data/raw/sid_set/00002_00488.jpg,1
data/raw/sid_set/00002_00489.jpg,0
data/raw/sid_set/00002_00492.jpg,0
data/raw/sid_set/00002_00493.jpg,1
data/raw/sid_set/00002_00495.jpg,0
data/raw/sid_set/00002_00496.jpg,0
data/raw/sid_set/00002_00497.jpg,0
data/raw/sid_set/00002_00498.jpg,1
data/raw/sid_set/00002_00501.jpg,1
data/raw/sid_set/00002_00503.jpg,1
data/raw/sid_set/00002_00504.jpg,0
data/raw/sid_set/00002_00505.jpg,1
data/raw/sid_set/00002_00506.jpg,1
data/raw/sid_set/00002_00507.jpg,0
data/raw/sid_set/00002_00508.jpg,0
data/raw/sid_set/00002_00509.jpg,0
data/raw/sid_set/00002_00511.jpg,0
data/raw/sid_set/00002_00512.jpg,0
data/raw/sid_set/00002_00516.jpg,1
data/raw/sid_set/00002_00517.jpg,0
data/raw/sid_set/00002_00523.jpg,0
data/raw/sid_set/00002_00524.jpg,0
data/raw/sid_set/00002_00525.jpg,0
data/raw/sid_set/00002_00526.jpg,0
data/raw/sid_set/00002_00527.jpg,0
data/raw/sid_set/00002_00531.jpg,1
data/raw/sid_set/00002_00534.jpg,1
data/raw/sid_set/00002_00535.jpg,1
data/raw/sid_set/00002_00536.jpg,1
data/raw/sid_set/00002_00538.jpg,1
data/raw/sid_set/00002_00539.jpg,0
data/raw/sid_set/00002_00541.jpg,1
data/raw/sid_set/00002_00542.jpg,1
data/raw/sid_set/00002_00544.jpg,0
data/raw/sid_set/00002_00546.jpg,0
data/raw/sid_set/00002_00548.jpg,0
data/raw/sid_set/00002_00549.jpg,0
data/raw/sid_set/00002_00551.jpg,0
data/raw/sid_set/00002_00552.jpg,0
data/raw/sid_set/00002_00553.jpg,0
data/raw/sid_set/00002_00554.jpg,0
data/raw/sid_set/00002_00555.jpg,0
data/raw/sid_set/00002_00556.jpg,1
data/raw/sid_set/00002_00560.jpg,1
data/raw/sid_set/00002_00564.jpg,1
data/raw/sid_set/00002_00567.jpg,1
data/raw/sid_set/00002_00568.jpg,0
data/raw/sid_set/00002_00571.jpg,0
data/raw/sid_set/00002_00573.jpg,1
data/raw/sid_set/00002_00576.jpg,0
data/raw/sid_set/00002_00577.jpg,0
data/raw/sid_set/00002_00578.jpg,1
data/raw/sid_set/00002_00579.jpg,0
data/raw/sid_set/00002_00580.jpg,0
data/raw/sid_set/00002_00583.jpg,0
data/raw/sid_set/00002_00585.jpg,0
data/raw/sid_set/00002_00586.jpg,1
data/raw/sid_set/00002_00587.jpg,0
data/raw/sid_set/00002_00590.jpg,0
data/raw/sid_set/00002_00592.jpg,0
data/raw/sid_set/00002_00594.jpg,1
data/raw/sid_set/00002_00595.jpg,0
data/raw/sid_set/00002_00596.jpg,0
data/raw/sid_set/00002_00597.jpg,1
data/raw/sid_set/00002_00598.jpg,1
data/raw/sid_set/00002_00600.jpg,0
data/raw/sid_set/00002_00601.jpg,1
data/raw/sid_set/00002_00602.jpg,1
data/raw/sid_set/00002_00606.jpg,0
data/raw/sid_set/00002_00608.jpg,0
data/raw/sid_set/00002_00609.jpg,0
data/raw/sid_set/00002_00610.jpg,1
data/raw/sid_set/00002_00613.jpg,0
data/raw/sid_set/00002_00614.jpg,1
data/raw/sid_set/00002_00615.jpg,0
data/raw/sid_set/00002_00617.jpg,1
data/raw/sid_set/00002_00618.jpg,1
data/raw/sid_set/00002_00621.jpg,1
data/raw/sid_set/00002_00622.jpg,0
data/raw/sid_set/00002_00624.jpg,0
data/raw/sid_set/00002_00625.jpg,1
data/raw/sid_set/00002_00626.jpg,1
data/raw/sid_set/00002_00627.jpg,0
data/raw/sid_set/00002_00629.jpg,1
data/raw/sid_set/00002_00630.jpg,1
data/raw/sid_set/00002_00631.jpg,0
data/raw/sid_set/00002_00632.jpg,0
data/raw/sid_set/00002_00633.jpg,0
data/raw/sid_set/00002_00635.jpg,1
data/raw/sid_set/00002_00638.jpg,0
data/raw/sid_set/00002_00639.jpg,1
data/raw/sid_set/00002_00640.jpg,0
data/raw/sid_set/00002_00642.jpg,1
data/raw/sid_set/00002_00643.jpg,1
data/raw/sid_set/00002_00644.jpg,1
data/raw/sid_set/00002_00645.jpg,0
data/raw/sid_set/00002_00646.jpg,1
data/raw/sid_set/00002_00649.jpg,1
data/raw/sid_set/00002_00651.jpg,1
data/raw/sid_set/00002_00652.jpg,1
data/raw/sid_set/00002_00654.jpg,1
data/raw/sid_set/00002_00655.jpg,1
data/raw/sid_set/00002_00658.jpg,1
data/raw/sid_set/00002_00660.jpg,1
data/raw/sid_set/00002_00661.jpg,1
data/raw/sid_set/00002_00663.jpg,0
data/raw/sid_set/00002_00665.jpg,1
data/raw/sid_set/00002_00668.jpg,0
data/raw/sid_set/00002_00669.jpg,0
data/raw/sid_set/00002_00670.jpg,0
data/raw/sid_set/00002_00671.jpg,1
data/raw/sid_set/00002_00672.jpg,0
data/raw/sid_set/00002_00673.jpg,1
data/raw/sid_set/00002_00675.jpg,0
data/raw/sid_set/00002_00677.jpg,0
data/raw/sid_set/00002_00679.jpg,0
data/raw/sid_set/00002_00680.jpg,1
data/raw/sid_set/00002_00681.jpg,1
data/raw/sid_set/00002_00682.jpg,0
data/raw/sid_set/00002_00683.jpg,0
data/raw/sid_set/00002_00684.jpg,0
data/raw/sid_set/00002_00685.jpg,0
data/raw/sid_set/00002_00686.jpg,1
data/raw/sid_set/00002_00688.jpg,0
data/raw/sid_set/00002_00689.jpg,0
data/raw/sid_set/00002_00691.jpg,1
data/raw/sid_set/00002_00694.jpg,0
data/raw/sid_set/00002_00695.jpg,1
data/raw/sid_set/00002_00697.jpg,1
data/raw/sid_set/00002_00698.jpg,0
data/raw/sid_set/00002_00702.jpg,1
data/raw/sid_set/00002_00704.jpg,0
data/raw/sid_set/00002_00705.jpg,0
data/raw/sid_set/00002_00707.jpg,1
data/raw/sid_set/00002_00708.jpg,0
data/raw/sid_set/00002_00710.jpg,1
data/raw/sid_set/00002_00711.jpg,1
data/raw/sid_set/00002_00714.jpg,1
data/raw/sid_set/00002_00715.jpg,1
data/raw/sid_set/00002_00717.jpg,0
data/raw/sid_set/00002_00718.jpg,1
data/raw/sid_set/00002_00721.jpg,0
data/raw/sid_set/00002_00723.jpg,0
data/raw/sid_set/00002_00724.jpg,0
data/raw/sid_set/00002_00725.jpg,1
data/raw/sid_set/00002_00726.jpg,0
data/raw/sid_set/00002_00727.jpg,0
data/raw/sid_set/00002_00728.jpg,1
data/raw/sid_set/00002_00729.jpg,1
data/raw/sid_set/00002_00730.jpg,0
data/raw/sid_set/00002_00733.jpg,1
data/raw/sid_set/00002_00735.jpg,0
data/raw/sid_set/00002_00736.jpg,1
data/raw/sid_set/00002_00738.jpg,0
data/raw/sid_set/00002_00739.jpg,1
data/raw/sid_set/00002_00740.jpg,0
data/raw/sid_set/00002_00741.jpg,0
data/raw/sid_set/00002_00742.jpg,0
data/raw/sid_set/00002_00745.jpg,1
data/raw/sid_set/00002_00746.jpg,1
data/raw/sid_set/00002_00751.jpg,1
data/raw/sid_set/00002_00753.jpg,0
data/raw/sid_set/00002_00754.jpg,0
data/raw/sid_set/00002_00755.jpg,0
data/raw/sid_set/00002_00756.jpg,0
data/raw/sid_set/00002_00757.jpg,1
data/raw/sid_set/00002_00759.jpg,0
data/raw/sid_set/00002_00760.jpg,1
data/raw/sid_set/00002_00761.jpg,1
data/raw/sid_set/00002_00764.jpg,1
data/raw/sid_set/00002_00766.jpg,0
data/raw/sid_set/00002_00767.jpg,0
data/raw/sid_set/00002_00769.jpg,1
data/raw/sid_set/00002_00773.jpg,0
data/raw/sid_set/00002_00774.jpg,0
data/raw/sid_set/00002_00777.jpg,0
data/raw/sid_set/00002_00779.jpg,0
data/raw/sid_set/00002_00780.jpg,1
data/raw/sid_set/00002_00781.jpg,1
data/raw/sid_set/00002_00782.jpg,0
data/raw/sid_set/00002_00783.jpg,1
data/raw/sid_set/00002_00784.jpg,1
data/raw/sid_set/00002_00785.jpg,0
data/raw/sid_set/00002_00786.jpg,1
data/raw/sid_set/00002_00788.jpg,1
data/raw/sid_set/00002_00789.jpg,0
data/raw/sid_set/00002_00792.jpg,1
data/raw/sid_set/00002_00793.jpg,0
data/raw/sid_set/00002_00794.jpg,0
data/raw/sid_set/00002_00796.jpg,1
data/raw/sid_set/00002_00797.jpg,1
data/raw/sid_set/00002_00798.jpg,0
data/raw/sid_set/00002_00801.jpg,1
data/raw/sid_set/00002_00802.jpg,0
data/raw/sid_set/00002_00804.jpg,0
data/raw/sid_set/00002_00805.jpg,0
data/raw/sid_set/00002_00806.jpg,0
data/raw/sid_set/00002_00809.jpg,1
data/raw/sid_set/00002_00811.jpg,0
data/raw/sid_set/00002_00812.jpg,1
data/raw/sid_set/00002_00813.jpg,1
data/raw/sid_set/00002_00814.jpg,1
data/raw/sid_set/00002_00815.jpg,1
data/raw/sid_set/00002_00818.jpg,1
data/raw/sid_set/00002_00819.jpg,0
data/raw/sid_set/00002_00820.jpg,1
data/raw/sid_set/00002_00821.jpg,1
data/raw/sid_set/00002_00828.jpg,1
data/raw/sid_set/00002_00831.jpg,1
data/raw/sid_set/00002_00832.jpg,1
data/raw/sid_set/00002_00833.jpg,1
data/raw/sid_set/00002_00834.jpg,1
data/raw/sid_set/00002_00835.jpg,0
data/raw/sid_set/00002_00839.jpg,0
data/raw/sid_set/00002_00842.jpg,1
data/raw/sid_set/00002_00843.jpg,1
data/raw/sid_set/00003_00000.jpg,1
data/raw/sid_set/00003_00002.jpg,1
data/raw/sid_set/00003_00004.jpg,1
data/raw/sid_set/00003_00006.jpg,1
data/raw/sid_set/00003_00007.jpg,0
data/raw/sid_set/00003_00010.jpg,0
data/raw/sid_set/00003_00011.jpg,1
data/raw/sid_set/00003_00013.jpg,1
data/raw/sid_set/00003_00014.jpg,1
data/raw/sid_set/00003_00016.jpg,1
data/raw/sid_set/00003_00021.jpg,1
data/raw/sid_set/00003_00022.jpg,1
data/raw/sid_set/00003_00024.jpg,1
data/raw/sid_set/00003_00028.jpg,0
data/raw/sid_set/00003_00029.jpg,0
data/raw/sid_set/00003_00030.jpg,1
data/raw/sid_set/00003_00031.jpg,0
data/raw/sid_set/00003_00032.jpg,0
data/raw/sid_set/00003_00033.jpg,1
data/raw/sid_set/00003_00034.jpg,0
data/raw/sid_set/00003_00036.jpg,1
data/raw/sid_set/00003_00038.jpg,1
data/raw/sid_set/00003_00040.jpg,0
data/raw/sid_set/00003_00041.jpg,0
data/raw/sid_set/00003_00043.jpg,1
data/raw/sid_set/00003_00044.jpg,1
data/raw/sid_set/00003_00046.jpg,0
data/raw/sid_set/00003_00048.jpg,0
data/raw/sid_set/00003_00049.jpg,0
data/raw/sid_set/00003_00051.jpg,0
data/raw/sid_set/00003_00052.jpg,0
data/raw/sid_set/00003_00053.jpg,0
data/raw/sid_set/00003_00055.jpg,1
data/raw/sid_set/00003_00056.jpg,1
data/raw/sid_set/00003_00058.jpg,0
data/raw/sid_set/00003_00059.jpg,0
data/raw/sid_set/00003_00060.jpg,0
data/raw/sid_set/00003_00061.jpg,1
data/raw/sid_set/00003_00064.jpg,1
data/raw/sid_set/00003_00065.jpg,0
data/raw/sid_set/00003_00066.jpg,1
data/raw/sid_set/00003_00067.jpg,1
data/raw/sid_set/00003_00068.jpg,0
data/raw/sid_set/00003_00069.jpg,1
data/raw/sid_set/00003_00070.jpg,0
data/raw/sid_set/00003_00072.jpg,0
data/raw/sid_set/00003_00073.jpg,1
data/raw/sid_set/00003_00074.jpg,1
data/raw/sid_set/00003_00076.jpg,0
data/raw/sid_set/00003_00077.jpg,0
data/raw/sid_set/00003_00080.jpg,0
data/raw/sid_set/00003_00081.jpg,1
data/raw/sid_set/00003_00082.jpg,1
data/raw/sid_set/00003_00083.jpg,1
data/raw/sid_set/00003_00084.jpg,1
data/raw/sid_set/00003_00085.jpg,0
data/raw/sid_set/00003_00086.jpg,1
data/raw/sid_set/00003_00088.jpg,0
data/raw/sid_set/00003_00089.jpg,0
data/raw/sid_set/00003_00090.jpg,1
data/raw/sid_set/00003_00094.jpg,0
data/raw/sid_set/00003_00098.jpg,0
data/raw/sid_set/00003_00099.jpg,1
data/raw/sid_set/00003_00100.jpg,1
data/raw/sid_set/00003_00102.jpg,1
data/raw/sid_set/00003_00103.jpg,1
data/raw/sid_set/00003_00104.jpg,1
data/raw/sid_set/00003_00105.jpg,0
data/raw/sid_set/00003_00106.jpg,0
data/raw/sid_set/00003_00107.jpg,1
data/raw/sid_set/00003_00108.jpg,1
data/raw/sid_set/00003_00110.jpg,0
data/raw/sid_set/00003_00111.jpg,1
data/raw/sid_set/00003_00112.jpg,0
data/raw/sid_set/00003_00113.jpg,0
data/raw/sid_set/00003_00114.jpg,0
data/raw/sid_set/00003_00115.jpg,1
data/raw/sid_set/00003_00116.jpg,0
data/raw/sid_set/00003_00117.jpg,0
data/raw/sid_set/00003_00118.jpg,1
data/raw/sid_set/00003_00121.jpg,1
data/raw/sid_set/00003_00122.jpg,1
data/raw/sid_set/00003_00123.jpg,1
data/raw/sid_set/00003_00124.jpg,1
data/raw/sid_set/00003_00127.jpg,1
data/raw/sid_set/00003_00128.jpg,1
data/raw/sid_set/00003_00129.jpg,0
data/raw/sid_set/00003_00130.jpg,1
data/raw/sid_set/00003_00131.jpg,0
data/raw/sid_set/00003_00132.jpg,0
data/raw/sid_set/00003_00134.jpg,0
data/raw/sid_set/00003_00135.jpg,1
data/raw/sid_set/00003_00136.jpg,0
data/raw/sid_set/00003_00138.jpg,0
data/raw/sid_set/00003_00140.jpg,1
data/raw/sid_set/00003_00144.jpg,0
data/raw/sid_set/00003_00147.jpg,0
data/raw/sid_set/00003_00148.jpg,0
data/raw/sid_set/00003_00149.jpg,1
data/raw/sid_set/00003_00150.jpg,0
data/raw/sid_set/00003_00151.jpg,1
data/raw/sid_set/00003_00152.jpg,1
data/raw/sid_set/00003_00153.jpg,0
data/raw/sid_set/00003_00155.jpg,1
data/raw/sid_set/00003_00156.jpg,0
data/raw/sid_set/00003_00157.jpg,0
data/raw/sid_set/00003_00160.jpg,1
data/raw/sid_set/00003_00161.jpg,0
data/raw/sid_set/00003_00162.jpg,0
data/raw/sid_set/00003_00163.jpg,0
data/raw/sid_set/00003_00166.jpg,1
data/raw/sid_set/00003_00167.jpg,0
data/raw/sid_set/00003_00168.jpg,1
data/raw/sid_set/00003_00169.jpg,0
data/raw/sid_set/00003_00170.jpg,0
data/raw/sid_set/00003_00172.jpg,0
data/raw/sid_set/00003_00173.jpg,1
data/raw/sid_set/00003_00175.jpg,1
data/raw/sid_set/00003_00179.jpg,0
data/raw/sid_set/00003_00181.jpg,1
data/raw/sid_set/00003_00187.jpg,0
data/raw/sid_set/00003_00191.jpg,0
data/raw/sid_set/00003_00194.jpg,0
data/raw/sid_set/00003_00195.jpg,1
data/raw/sid_set/00003_00197.jpg,0
data/raw/sid_set/00003_00198.jpg,1
data/raw/sid_set/00003_00199.jpg,0
data/raw/sid_set/00003_00200.jpg,1
data/raw/sid_set/00003_00201.jpg,1
data/raw/sid_set/00003_00202.jpg,1
data/raw/sid_set/00003_00203.jpg,0
data/raw/sid_set/00003_00205.jpg,0
data/raw/sid_set/00003_00206.jpg,1
data/raw/sid_set/00003_00207.jpg,1
data/raw/sid_set/00003_00208.jpg,1
data/raw/sid_set/00003_00211.jpg,1
data/raw/sid_set/00003_00212.jpg,1
data/raw/sid_set/00003_00213.jpg,0
data/raw/sid_set/00003_00215.jpg,1
data/raw/sid_set/00003_00217.jpg,1
data/raw/sid_set/00003_00218.jpg,1
data/raw/sid_set/00003_00219.jpg,1
data/raw/sid_set/00003_00220.jpg,0
data/raw/sid_set/00003_00222.jpg,0
data/raw/sid_set/00003_00223.jpg,0
data/raw/sid_set/00003_00224.jpg,1
data/raw/sid_set/00003_00225.jpg,1
data/raw/sid_set/00003_00226.jpg,0
data/raw/sid_set/00003_00227.jpg,0
data/raw/sid_set/00003_00229.jpg,1
data/raw/sid_set/00003_00230.jpg,0
data/raw/sid_set/00003_00233.jpg,1
data/raw/sid_set/00003_00234.jpg,0
data/raw/sid_set/00003_00235.jpg,0
data/raw/sid_set/00003_00236.jpg,0
data/raw/sid_set/00003_00237.jpg,0
data/raw/sid_set/00003_00240.jpg,1
data/raw/sid_set/00003_00241.jpg,1
data/raw/sid_set/00003_00242.jpg,1
data/raw/sid_set/00003_00243.jpg,0
data/raw/sid_set/00003_00244.jpg,1
data/raw/sid_set/00003_00245.jpg,1
data/raw/sid_set/00003_00246.jpg,0
data/raw/sid_set/00003_00248.jpg,0
data/raw/sid_set/00003_00250.jpg,1
data/raw/sid_set/00003_00252.jpg,0
data/raw/sid_set/00003_00253.jpg,0
data/raw/sid_set/00003_00254.jpg,1
data/raw/sid_set/00003_00255.jpg,0
data/raw/sid_set/00003_00256.jpg,0
data/raw/sid_set/00003_00258.jpg,1
data/raw/sid_set/00003_00260.jpg,0
data/raw/sid_set/00003_00262.jpg,1
data/raw/sid_set/00003_00263.jpg,0
data/raw/sid_set/00003_00264.jpg,0
data/raw/sid_set/00003_00265.jpg,1
data/raw/sid_set/00003_00266.jpg,0
data/raw/sid_set/00003_00268.jpg,0
data/raw/sid_set/00003_00269.jpg,0
data/raw/sid_set/00003_00274.jpg,1
data/raw/sid_set/00003_00275.jpg,1
data/raw/sid_set/00003_00278.jpg,1
data/raw/sid_set/00003_00280.jpg,0
data/raw/sid_set/00003_00284.jpg,0
data/raw/sid_set/00003_00285.jpg,1
data/raw/sid_set/00003_00287.jpg,0
data/raw/sid_set/00003_00288.jpg,0
data/raw/sid_set/00003_00289.jpg,1
data/raw/sid_set/00003_00290.jpg,1
data/raw/sid_set/00003_00291.jpg,1
data/raw/sid_set/00003_00292.jpg,0
data/raw/sid_set/00003_00293.jpg,0
data/raw/sid_set/00003_00296.jpg,1
data/raw/sid_set/00003_00299.jpg,1
data/raw/sid_set/00003_00300.jpg,0
data/raw/sid_set/00003_00301.jpg,1
data/raw/sid_set/00003_00302.jpg,0
data/raw/sid_set/00003_00305.jpg,1
data/raw/sid_set/00003_00307.jpg,0
data/raw/sid_set/00003_00310.jpg,0
data/raw/sid_set/00003_00311.jpg,1
data/raw/sid_set/00003_00313.jpg,0
data/raw/sid_set/00003_00314.jpg,0
data/raw/sid_set/00003_00319.jpg,1
data/raw/sid_set/00003_00320.jpg,0
data/raw/sid_set/00003_00321.jpg,0
data/raw/sid_set/00003_00323.jpg,1
data/raw/sid_set/00003_00324.jpg,0
data/raw/sid_set/00003_00328.jpg,1
data/raw/sid_set/00003_00330.jpg,1
data/raw/sid_set/00003_00331.jpg,0
data/raw/sid_set/00003_00332.jpg,0
data/raw/sid_set/00003_00333.jpg,1
data/raw/sid_set/00003_00334.jpg,0
data/raw/sid_set/00003_00335.jpg,0
data/raw/sid_set/00003_00336.jpg,0
data/raw/sid_set/00003_00337.jpg,0
data/raw/sid_set/00003_00338.jpg,1
data/raw/sid_set/00003_00339.jpg,1
data/raw/sid_set/00003_00340.jpg,0
data/raw/sid_set/00003_00341.jpg,0
data/raw/sid_set/00003_00343.jpg,0
data/raw/sid_set/00003_00344.jpg,1
data/raw/sid_set/00003_00345.jpg,1
data/raw/sid_set/00003_00346.jpg,1
data/raw/sid_set/00003_00347.jpg,1
data/raw/sid_set/00003_00348.jpg,1
data/raw/sid_set/00003_00351.jpg,0
data/raw/sid_set/00003_00353.jpg,1
data/raw/sid_set/00003_00354.jpg,0
data/raw/sid_set/00003_00356.jpg,0
data/raw/sid_set/00003_00357.jpg,0
data/raw/sid_set/00003_00358.jpg,0
data/raw/sid_set/00003_00360.jpg,1
data/raw/sid_set/00003_00361.jpg,0
data/raw/sid_set/00003_00365.jpg,0
data/raw/sid_set/00003_00366.jpg,1
data/raw/sid_set/00003_00367.jpg,1
data/raw/sid_set/00003_00368.jpg,1
data/raw/sid_set/00003_00370.jpg,1
data/raw/sid_set/00003_00372.jpg,1
data/raw/sid_set/00003_00373.jpg,1
data/raw/sid_set/00003_00375.jpg,0
data/raw/sid_set/00003_00378.jpg,1
data/raw/sid_set/00003_00379.jpg,1
data/raw/sid_set/00003_00380.jpg,0
data/raw/sid_set/00003_00381.jpg,0
data/raw/sid_set/00003_00382.jpg,1
data/raw/sid_set/00003_00383.jpg,0
data/raw/sid_set/00003_00384.jpg,1
data/raw/sid_set/00003_00385.jpg,0
data/raw/sid_set/00003_00386.jpg,0
data/raw/sid_set/00003_00387.jpg,0
data/raw/sid_set/00003_00388.jpg,0
data/raw/sid_set/00003_00389.jpg,0
data/raw/sid_set/00003_00390.jpg,0
data/raw/sid_set/00003_00391.jpg,1
data/raw/sid_set/00003_00392.jpg,0
data/raw/sid_set/00003_00393.jpg,0
data/raw/sid_set/00003_00394.jpg,0
data/raw/sid_set/00003_00395.jpg,1
data/raw/sid_set/00003_00396.jpg,1
data/raw/sid_set/00003_00397.jpg,0
data/raw/sid_set/00003_00398.jpg,1
data/raw/sid_set/00003_00399.jpg,0
data/raw/sid_set/00003_00401.jpg,0
data/raw/sid_set/00003_00402.jpg,0
data/raw/sid_set/00003_00403.jpg,0
data/raw/sid_set/00003_00404.jpg,0
data/raw/sid_set/00003_00405.jpg,0
data/raw/sid_set/00003_00408.jpg,1
data/raw/sid_set/00003_00409.jpg,1
data/raw/sid_set/00003_00412.jpg,1
data/raw/sid_set/00003_00413.jpg,0
data/raw/sid_set/00003_00417.jpg,0
data/raw/sid_set/00003_00418.jpg,0
data/raw/sid_set/00003_00422.jpg,1
data/raw/sid_set/00003_00423.jpg,1
data/raw/sid_set/00003_00424.jpg,0
data/raw/sid_set/00003_00426.jpg,1
data/raw/sid_set/00003_00428.jpg,1
data/raw/sid_set/00003_00429.jpg,0
data/raw/sid_set/00003_00431.jpg,0
data/raw/sid_set/00003_00432.jpg,0
data/raw/sid_set/00003_00433.jpg,0
data/raw/sid_set/00003_00434.jpg,0
data/raw/sid_set/00003_00435.jpg,1
data/raw/sid_set/00003_00436.jpg,1
data/raw/sid_set/00003_00438.jpg,0
data/raw/sid_set/00003_00439.jpg,0
data/raw/sid_set/00003_00440.jpg,1
data/raw/sid_set/00003_00441.jpg,0
data/raw/sid_set/00003_00442.jpg,0
data/raw/sid_set/00003_00443.jpg,0
data/raw/sid_set/00003_00444.jpg,0
data/raw/sid_set/00003_00446.jpg,1
data/raw/sid_set/00003_00448.jpg,0
data/raw/sid_set/00003_00449.jpg,1
data/raw/sid_set/00003_00450.jpg,0
data/raw/sid_set/00003_00451.jpg,0
data/raw/sid_set/00003_00454.jpg,1
data/raw/sid_set/00003_00456.jpg,1
data/raw/sid_set/00003_00458.jpg,0
data/raw/sid_set/00003_00462.jpg,0
data/raw/sid_set/00003_00464.jpg,0
data/raw/sid_set/00003_00465.jpg,1
data/raw/sid_set/00003_00467.jpg,0
data/raw/sid_set/00003_00468.jpg,0
data/raw/sid_set/00003_00471.jpg,0
data/raw/sid_set/00003_00472.jpg,1
data/raw/sid_set/00003_00473.jpg,0
data/raw/sid_set/00003_00476.jpg,1
data/raw/sid_set/00003_00477.jpg,1
data/raw/sid_set/00003_00478.jpg,1
data/raw/sid_set/00003_00479.jpg,0
data/raw/sid_set/00003_00480.jpg,1
data/raw/sid_set/00003_00482.jpg,1
data/raw/sid_set/00003_00483.jpg,1
data/raw/sid_set/00003_00484.jpg,0
data/raw/sid_set/00003_00485.jpg,0
data/raw/sid_set/00003_00486.jpg,1
data/raw/sid_set/00003_00487.jpg,1
data/raw/sid_set/00003_00489.jpg,1
data/raw/sid_set/00003_00490.jpg,0
data/raw/sid_set/00003_00491.jpg,0
data/raw/sid_set/00003_00492.jpg,1
data/raw/sid_set/00003_00493.jpg,0
data/raw/sid_set/00003_00497.jpg,0
data/raw/sid_set/00003_00498.jpg,0
data/raw/sid_set/00003_00499.jpg,1
data/raw/sid_set/00003_00502.jpg,0
data/raw/sid_set/00003_00503.jpg,0
data/raw/sid_set/00003_00504.jpg,1
data/raw/sid_set/00003_00505.jpg,1
data/raw/sid_set/00003_00506.jpg,0
data/raw/sid_set/00003_00508.jpg,1
data/raw/sid_set/00003_00511.jpg,1
data/raw/sid_set/00003_00512.jpg,1
data/raw/sid_set/00003_00513.jpg,1
data/raw/sid_set/00003_00515.jpg,0
data/raw/sid_set/00003_00516.jpg,0
data/raw/sid_set/00003_00517.jpg,0
data/raw/sid_set/00003_00519.jpg,1
data/raw/sid_set/00003_00520.jpg,1
data/raw/sid_set/00003_00521.jpg,0
data/raw/sid_set/00003_00525.jpg,1
data/raw/sid_set/00003_00526.jpg,0
data/raw/sid_set/00003_00527.jpg,1
data/raw/sid_set/00003_00529.jpg,0
data/raw/sid_set/00003_00530.jpg,0
data/raw/sid_set/00003_00531.jpg,1
data/raw/sid_set/00003_00532.jpg,1
data/raw/sid_set/00003_00533.jpg,1
data/raw/sid_set/00003_00534.jpg,1
data/raw/sid_set/00003_00535.jpg,0
data/raw/sid_set/00003_00536.jpg,1
data/raw/sid_set/00003_00538.jpg,1
data/raw/sid_set/00003_00540.jpg,0
data/raw/sid_set/00003_00541.jpg,0
data/raw/sid_set/00003_00543.jpg,1
data/raw/sid_set/00003_00546.jpg,0
data/raw/sid_set/00003_00548.jpg,1
data/raw/sid_set/00003_00549.jpg,1
data/raw/sid_set/00003_00551.jpg,0
data/raw/sid_set/00003_00552.jpg,1
data/raw/sid_set/00003_00553.jpg,0
data/raw/sid_set/00003_00554.jpg,1
data/raw/sid_set/00003_00555.jpg,1
data/raw/sid_set/00003_00556.jpg,1
data/raw/sid_set/00003_00557.jpg,1
data/raw/sid_set/00003_00558.jpg,1
data/raw/sid_set/00003_00560.jpg,1
data/raw/sid_set/00003_00561.jpg,1
data/raw/sid_set/00003_00562.jpg,1
data/raw/sid_set/00003_00563.jpg,0
data/raw/sid_set/00003_00564.jpg,0
data/raw/sid_set/00003_00566.jpg,0
data/raw/sid_set/00003_00567.jpg,1
data/raw/sid_set/00003_00568.jpg,0
data/raw/sid_set/00003_00570.jpg,1
data/raw/sid_set/00003_00571.jpg,0
data/raw/sid_set/00003_00574.jpg,1
data/raw/sid_set/00003_00575.jpg,1
data/raw/sid_set/00003_00578.jpg,0
data/raw/sid_set/00003_00580.jpg,0
data/raw/sid_set/00003_00581.jpg,1
data/raw/sid_set/00003_00582.jpg,0
data/raw/sid_set/00003_00583.jpg,0
data/raw/sid_set/00003_00585.jpg,1
data/raw/sid_set/00003_00586.jpg,0
data/raw/sid_set/00003_00587.jpg,0
data/raw/sid_set/00003_00593.jpg,0
data/raw/sid_set/00003_00594.jpg,0
data/raw/sid_set/00003_00596.jpg,0
data/raw/sid_set/00003_00597.jpg,1
data/raw/sid_set/00003_00598.jpg,1
data/raw/sid_set/00003_00600.jpg,0
data/raw/sid_set/00003_00601.jpg,1
data/raw/sid_set/00003_00604.jpg,1
data/raw/sid_set/00003_00605.jpg,1
data/raw/sid_set/00003_00606.jpg,0
data/raw/sid_set/00003_00607.jpg,1
data/raw/sid_set/00003_00608.jpg,1
data/raw/sid_set/00003_00611.jpg,1
data/raw/sid_set/00003_00612.jpg,0
data/raw/sid_set/00003_00613.jpg,0
data/raw/sid_set/00003_00615.jpg,1
data/raw/sid_set/00003_00616.jpg,1
data/raw/sid_set/00003_00617.jpg,1
data/raw/sid_set/00003_00618.jpg,1
data/raw/sid_set/00003_00619.jpg,1
data/raw/sid_set/00003_00620.jpg,0
data/raw/sid_set/00003_00621.jpg,1
data/raw/sid_set/00003_00622.jpg,1
data/raw/sid_set/00003_00623.jpg,1
data/raw/sid_set/00003_00624.jpg,0
data/raw/sid_set/00003_00626.jpg,0
data/raw/sid_set/00003_00627.jpg,1
data/raw/sid_set/00003_00629.jpg,0
data/raw/sid_set/00003_00630.jpg,0
data/raw/sid_set/00003_00632.jpg,1
data/raw/sid_set/00003_00634.jpg,0
data/raw/sid_set/00003_00636.jpg,1
data/raw/sid_set/00003_00637.jpg,0
data/raw/sid_set/00003_00638.jpg,0
data/raw/sid_set/00003_00639.jpg,1
data/raw/sid_set/00003_00641.jpg,0
data/raw/sid_set/00003_00642.jpg,1
data/raw/sid_set/00003_00644.jpg,0
data/raw/sid_set/00003_00645.jpg,1
data/raw/sid_set/00003_00646.jpg,0
data/raw/sid_set/00003_00647.jpg,0
data/raw/sid_set/00003_00651.jpg,0
data/raw/sid_set/00003_00652.jpg,0
data/raw/sid_set/00003_00653.jpg,1
data/raw/sid_set/00003_00654.jpg,1
data/raw/sid_set/00003_00655.jpg,1
data/raw/sid_set/00003_00656.jpg,0
data/raw/sid_set/00003_00657.jpg,0
data/raw/sid_set/00003_00660.jpg,1
data/raw/sid_set/00003_00661.jpg,0
data/raw/sid_set/00003_00663.jpg,0
data/raw/sid_set/00003_00664.jpg,1
data/raw/sid_set/00003_00665.jpg,1
data/raw/sid_set/00003_00666.jpg,0
data/raw/sid_set/00003_00667.jpg,1
data/raw/sid_set/00003_00669.jpg,0
data/raw/sid_set/00003_00670.jpg,0
data/raw/sid_set/00003_00671.jpg,1
data/raw/sid_set/00003_00672.jpg,1
data/raw/sid_set/00003_00673.jpg,0
data/raw/sid_set/00003_00675.jpg,1
data/raw/sid_set/00003_00676.jpg,0
data/raw/sid_set/00003_00677.jpg,1
data/raw/sid_set/00003_00678.jpg,1
data/raw/sid_set/00003_00679.jpg,0
data/raw/sid_set/00003_00681.jpg,1
data/raw/sid_set/00003_00684.jpg,1
data/raw/sid_set/00003_00685.jpg,1
data/raw/sid_set/00003_00686.jpg,0
data/raw/sid_set/00003_00687.jpg,0
data/raw/sid_set/00003_00689.jpg,1
data/raw/sid_set/00003_00690.jpg,0
data/raw/sid_set/00003_00692.jpg,1
data/raw/sid_set/00003_00695.jpg,0
data/raw/sid_set/00003_00696.jpg,1
data/raw/sid_set/00003_00697.jpg,0
data/raw/sid_set/00003_00698.jpg,0
data/raw/sid_set/00003_00699.jpg,0
data/raw/sid_set/00003_00700.jpg,0
data/raw/sid_set/00003_00704.jpg,0
data/raw/sid_set/00003_00705.jpg,1
data/raw/sid_set/00003_00706.jpg,0
data/raw/sid_set/00003_00707.jpg,0
data/raw/sid_set/00003_00708.jpg,1
data/raw/sid_set/00003_00709.jpg,0
data/raw/sid_set/00003_00710.jpg,1
data/raw/sid_set/00003_00711.jpg,0
data/raw/sid_set/00003_00712.jpg,0
data/raw/sid_set/00003_00713.jpg,0
data/raw/sid_set/00003_00714.jpg,1
data/raw/sid_set/00003_00715.jpg,1
data/raw/sid_set/00003_00719.jpg,1
data/raw/sid_set/00003_00720.jpg,1
data/raw/sid_set/00003_00721.jpg,0
data/raw/sid_set/00003_00722.jpg,0
data/raw/sid_set/00003_00723.jpg,1
data/raw/sid_set/00003_00725.jpg,1
data/raw/sid_set/00003_00726.jpg,1
data/raw/sid_set/00003_00728.jpg,0
data/raw/sid_set/00003_00729.jpg,0
data/raw/sid_set/00003_00730.jpg,1
data/raw/sid_set/00003_00732.jpg,0
data/raw/sid_set/00003_00733.jpg,0
data/raw/sid_set/00003_00736.jpg,0
data/raw/sid_set/00003_00737.jpg,1
data/raw/sid_set/00003_00738.jpg,1
data/raw/sid_set/00003_00739.jpg,0
data/raw/sid_set/00003_00740.jpg,0
data/raw/sid_set/00003_00742.jpg,0
data/raw/sid_set/00003_00743.jpg,1
data/raw/sid_set/00003_00744.jpg,1
data/raw/sid_set/00003_00746.jpg,1
data/raw/sid_set/00003_00747.jpg,1
data/raw/sid_set/00003_00748.jpg,1
data/raw/sid_set/00003_00750.jpg,1
data/raw/sid_set/00003_00751.jpg,1
data/raw/sid_set/00003_00753.jpg,0
data/raw/sid_set/00003_00754.jpg,1
data/raw/sid_set/00003_00757.jpg,1
data/raw/sid_set/00003_00759.jpg,0
data/raw/sid_set/00003_00760.jpg,0
data/raw/sid_set/00003_00761.jpg,0
data/raw/sid_set/00003_00762.jpg,1
data/raw/sid_set/00003_00765.jpg,0
data/raw/sid_set/00003_00766.jpg,0
data/raw/sid_set/00003_00767.jpg,0
data/raw/sid_set/00003_00768.jpg,1
data/raw/sid_set/00003_00770.jpg,1
data/raw/sid_set/00003_00771.jpg,0
data/raw/sid_set/00003_00773.jpg,0
data/raw/sid_set/00003_00778.jpg,1
data/raw/sid_set/00003_00779.jpg,1
data/raw/sid_set/00003_00780.jpg,1
data/raw/sid_set/00003_00781.jpg,1
data/raw/sid_set/00003_00782.jpg,1
data/raw/sid_set/00003_00784.jpg,0
data/raw/sid_set/00003_00786.jpg,0
data/raw/sid_set/00003_00787.jpg,0
data/raw/sid_set/00003_00788.jpg,1
data/raw/sid_set/00003_00789.jpg,0
data/raw/sid_set/00003_00790.jpg,1
data/raw/sid_set/00003_00792.jpg,0
data/raw/sid_set/00003_00794.jpg,0
data/raw/sid_set/00003_00797.jpg,1
data/raw/sid_set/00003_00798.jpg,1
data/raw/sid_set/00003_00799.jpg,0
data/raw/sid_set/00003_00801.jpg,1
data/raw/sid_set/00003_00802.jpg,1
data/raw/sid_set/00003_00803.jpg,0
data/raw/sid_set/00003_00805.jpg,1
data/raw/sid_set/00003_00806.jpg,0
data/raw/sid_set/00003_00807.jpg,1
data/raw/sid_set/00003_00808.jpg,1
data/raw/sid_set/00003_00809.jpg,0
data/raw/sid_set/00003_00810.jpg,1
data/raw/sid_set/00003_00811.jpg,1
data/raw/sid_set/00003_00812.jpg,0
data/raw/sid_set/00003_00813.jpg,1
data/raw/sid_set/00003_00814.jpg,0
data/raw/sid_set/00003_00815.jpg,0
data/raw/sid_set/00003_00816.jpg,0
data/raw/sid_set/00003_00817.jpg,0
data/raw/sid_set/00003_00818.jpg,0
data/raw/sid_set/00003_00819.jpg,0
data/raw/sid_set/00003_00820.jpg,0
data/raw/sid_set/00003_00821.jpg,1
data/raw/sid_set/00003_00822.jpg,0
data/raw/sid_set/00003_00824.jpg,0
data/raw/sid_set/00003_00825.jpg,0
data/raw/sid_set/00003_00826.jpg,1
data/raw/sid_set/00003_00828.jpg,1
data/raw/sid_set/00003_00830.jpg,0
data/raw/sid_set/00003_00831.jpg,0
data/raw/sid_set/00003_00832.jpg,1
data/raw/sid_set/00003_00833.jpg,1
data/raw/sid_set/00003_00834.jpg,0
data/raw/sid_set/00003_00835.jpg,0
data/raw/sid_set/00003_00837.jpg,1
data/raw/sid_set/00003_00838.jpg,0
data/raw/sid_set/00003_00842.jpg,0
data/raw/sid_set/00003_00843.jpg,1
data/raw/sid_set/00004_00000.jpg,0
data/raw/sid_set/00004_00003.jpg,0
data/raw/sid_set/00004_00004.jpg,0
data/raw/sid_set/00004_00005.jpg,0
data/raw/sid_set/00004_00006.jpg,0
data/raw/sid_set/00004_00007.jpg,0
data/raw/sid_set/00004_00009.jpg,0
data/raw/sid_set/00004_00011.jpg,1
data/raw/sid_set/00004_00013.jpg,0
data/raw/sid_set/00004_00014.jpg,1
data/raw/sid_set/00004_00016.jpg,1
data/raw/sid_set/00004_00017.jpg,1
data/raw/sid_set/00004_00018.jpg,1
data/raw/sid_set/00004_00019.jpg,1
data/raw/sid_set/00004_00020.jpg,0
data/raw/sid_set/00004_00021.jpg,1
data/raw/sid_set/00004_00023.jpg,1
data/raw/sid_set/00004_00025.jpg,1
data/raw/sid_set/00004_00026.jpg,0
data/raw/sid_set/00004_00028.jpg,1
data/raw/sid_set/00004_00034.jpg,0
data/raw/sid_set/00004_00035.jpg,0
data/raw/sid_set/00004_00036.jpg,1
data/raw/sid_set/00004_00037.jpg,1
data/raw/sid_set/00004_00038.jpg,1
data/raw/sid_set/00004_00039.jpg,0
data/raw/sid_set/00004_00040.jpg,0
data/raw/sid_set/00004_00043.jpg,1
data/raw/sid_set/00004_00044.jpg,0
data/raw/sid_set/00004_00046.jpg,0
data/raw/sid_set/00004_00047.jpg,0
data/raw/sid_set/00004_00048.jpg,1
data/raw/sid_set/00004_00051.jpg,0
data/raw/sid_set/00004_00052.jpg,1
data/raw/sid_set/00004_00055.jpg,0
data/raw/sid_set/00004_00056.jpg,1
data/raw/sid_set/00004_00057.jpg,1
data/raw/sid_set/00004_00058.jpg,1
data/raw/sid_set/00004_00059.jpg,0
data/raw/sid_set/00004_00061.jpg,1
data/raw/sid_set/00004_00062.jpg,1
data/raw/sid_set/00004_00063.jpg,1
data/raw/sid_set/00004_00064.jpg,1
data/raw/sid_set/00004_00066.jpg,0
data/raw/sid_set/00004_00067.jpg,1
data/raw/sid_set/00004_00070.jpg,1
data/raw/sid_set/00004_00072.jpg,0
data/raw/sid_set/00004_00073.jpg,1
data/raw/sid_set/00004_00074.jpg,0
data/raw/sid_set/00004_00077.jpg,0
data/raw/sid_set/00004_00079.jpg,1
data/raw/sid_set/00004_00080.jpg,1
data/raw/sid_set/00004_00081.jpg,1
data/raw/sid_set/00004_00082.jpg,1
data/raw/sid_set/00004_00083.jpg,1
data/raw/sid_set/00004_00084.jpg,0
data/raw/sid_set/00004_00085.jpg,0
data/raw/sid_set/00004_00086.jpg,0
data/raw/sid_set/00004_00087.jpg,0
data/raw/sid_set/00004_00088.jpg,0
data/raw/sid_set/00004_00091.jpg,0
data/raw/sid_set/00004_00095.jpg,1
data/raw/sid_set/00004_00096.jpg,1
data/raw/sid_set/00004_00097.jpg,0
data/raw/sid_set/00004_00098.jpg,1
data/raw/sid_set/00004_00099.jpg,0
data/raw/sid_set/00004_00100.jpg,1
data/raw/sid_set/00004_00102.jpg,1
data/raw/sid_set/00004_00103.jpg,0
data/raw/sid_set/00004_00104.jpg,1
data/raw/sid_set/00004_00107.jpg,0
data/raw/sid_set/00004_00108.jpg,0
data/raw/sid_set/00004_00109.jpg,1
data/raw/sid_set/00004_00110.jpg,0
data/raw/sid_set/00004_00114.jpg,1
data/raw/sid_set/00004_00115.jpg,1
data/raw/sid_set/00004_00117.jpg,0
data/raw/sid_set/00004_00119.jpg,1
data/raw/sid_set/00004_00120.jpg,1
data/raw/sid_set/00004_00121.jpg,0
data/raw/sid_set/00004_00122.jpg,0
data/raw/sid_set/00004_00123.jpg,1
data/raw/sid_set/00004_00125.jpg,1
data/raw/sid_set/00004_00126.jpg,0
data/raw/sid_set/00004_00128.jpg,0
data/raw/sid_set/00004_00129.jpg,0
data/raw/sid_set/00004_00131.jpg,1
data/raw/sid_set/00004_00132.jpg,0
data/raw/sid_set/00004_00133.jpg,0
data/raw/sid_set/00004_00134.jpg,1
data/raw/sid_set/00004_00135.jpg,1
data/raw/sid_set/00004_00136.jpg,1
data/raw/sid_set/00004_00137.jpg,0
data/raw/sid_set/00004_00138.jpg,1
data/raw/sid_set/00004_00139.jpg,1
data/raw/sid_set/00004_00140.jpg,1
data/raw/sid_set/00004_00141.jpg,0
data/raw/sid_set/00004_00142.jpg,1
data/raw/sid_set/00004_00145.jpg,1
data/raw/sid_set/00004_00146.jpg,1
data/raw/sid_set/00004_00147.jpg,0
data/raw/sid_set/00004_00148.jpg,0
data/raw/sid_set/00004_00149.jpg,1
data/raw/sid_set/00004_00151.jpg,0
data/raw/sid_set/00004_00152.jpg,1
data/raw/sid_set/00004_00153.jpg,1
data/raw/sid_set/00004_00154.jpg,0
data/raw/sid_set/00004_00156.jpg,0
data/raw/sid_set/00004_00157.jpg,0
data/raw/sid_set/00004_00158.jpg,0
data/raw/sid_set/00004_00159.jpg,0
data/raw/sid_set/00004_00160.jpg,1
data/raw/sid_set/00004_00163.jpg,1
data/raw/sid_set/00004_00164.jpg,0
data/raw/sid_set/00004_00165.jpg,0
data/raw/sid_set/00004_00167.jpg,1
data/raw/sid_set/00004_00168.jpg,0
data/raw/sid_set/00004_00169.jpg,0
data/raw/sid_set/00004_00171.jpg,0
data/raw/sid_set/00004_00172.jpg,0
data/raw/sid_set/00004_00173.jpg,0
data/raw/sid_set/00004_00175.jpg,1
data/raw/sid_set/00004_00176.jpg,1
data/raw/sid_set/00004_00177.jpg,0
data/raw/sid_set/00004_00178.jpg,1
data/raw/sid_set/00004_00179.jpg,0
data/raw/sid_set/00004_00180.jpg,0
data/raw/sid_set/00004_00181.jpg,1
data/raw/sid_set/00004_00182.jpg,1
data/raw/sid_set/00004_00183.jpg,1
data/raw/sid_set/00004_00184.jpg,0
data/raw/sid_set/00004_00185.jpg,1
data/raw/sid_set/00004_00187.jpg,0
data/raw/sid_set/00004_00188.jpg,0
data/raw/sid_set/00004_00190.jpg,0
data/raw/sid_set/00004_00192.jpg,1
data/raw/sid_set/00004_00195.jpg,1
data/raw/sid_set/00004_00196.jpg,0
data/raw/sid_set/00004_00198.jpg,1
data/raw/sid_set/00004_00200.jpg,1
data/raw/sid_set/00004_00201.jpg,0
data/raw/sid_set/00004_00202.jpg,1
data/raw/sid_set/00004_00203.jpg,1
data/raw/sid_set/00004_00204.jpg,0
data/raw/sid_set/00004_00207.jpg,0
data/raw/sid_set/00004_00208.jpg,0
data/raw/sid_set/00004_00210.jpg,0
data/raw/sid_set/00004_00211.jpg,1
data/raw/sid_set/00004_00212.jpg,1
data/raw/sid_set/00004_00214.jpg,0
data/raw/sid_set/00004_00218.jpg,1
data/raw/sid_set/00004_00219.jpg,1
data/raw/sid_set/00004_00220.jpg,0
data/raw/sid_set/00004_00224.jpg,0
data/raw/sid_set/00004_00225.jpg,0
data/raw/sid_set/00004_00226.jpg,1
data/raw/sid_set/00004_00227.jpg,0
data/raw/sid_set/00004_00229.jpg,1
data/raw/sid_set/00004_00230.jpg,0
data/raw/sid_set/00004_00232.jpg,0
data/raw/sid_set/00004_00233.jpg,0
data/raw/sid_set/00004_00234.jpg,1
data/raw/sid_set/00004_00235.jpg,1
data/raw/sid_set/00004_00236.jpg,1
data/raw/sid_set/00004_00237.jpg,0
data/raw/sid_set/00004_00239.jpg,0
data/raw/sid_set/00004_00241.jpg,1
data/raw/sid_set/00004_00242.jpg,0
data/raw/sid_set/00004_00243.jpg,0
data/raw/sid_set/00004_00244.jpg,0
data/raw/sid_set/00004_00246.jpg,1
data/raw/sid_set/00004_00248.jpg,1
data/raw/sid_set/00004_00249.jpg,1
data/raw/sid_set/00004_00251.jpg,1
data/raw/sid_set/00004_00252.jpg,0
data/raw/sid_set/00004_00254.jpg,0
data/raw/sid_set/00004_00257.jpg,0
data/raw/sid_set/00004_00258.jpg,1
data/raw/sid_set/00004_00259.jpg,0
data/raw/sid_set/00004_00261.jpg,1
data/raw/sid_set/00004_00262.jpg,1
data/raw/sid_set/00004_00263.jpg,1
data/raw/sid_set/00004_00266.jpg,1
data/raw/sid_set/00004_00267.jpg,1
data/raw/sid_set/00004_00269.jpg,0
data/raw/sid_set/00004_00270.jpg,0
data/raw/sid_set/00004_00271.jpg,1
data/raw/sid_set/00004_00272.jpg,1
data/raw/sid_set/00004_00275.jpg,1
data/raw/sid_set/00004_00276.jpg,1
data/raw/sid_set/00004_00278.jpg,1
data/raw/sid_set/00004_00279.jpg,1
data/raw/sid_set/00004_00280.jpg,1
data/raw/sid_set/00004_00283.jpg,1
data/raw/sid_set/00004_00284.jpg,0
data/raw/sid_set/00004_00285.jpg,0
data/raw/sid_set/00004_00286.jpg,0
data/raw/sid_set/00004_00287.jpg,0
data/raw/sid_set/00004_00288.jpg,0
data/raw/sid_set/00004_00289.jpg,1
data/raw/sid_set/00004_00290.jpg,1
data/raw/sid_set/00004_00292.jpg,0
data/raw/sid_set/00004_00293.jpg,0
data/raw/sid_set/00004_00297.jpg,1
data/raw/sid_set/00004_00299.jpg,1
data/raw/sid_set/00004_00300.jpg,1
data/raw/sid_set/00004_00301.jpg,0
data/raw/sid_set/00004_00302.jpg,0
data/raw/sid_set/00004_00303.jpg,0
data/raw/sid_set/00004_00304.jpg,1
data/raw/sid_set/00004_00305.jpg,1
data/raw/sid_set/00004_00306.jpg,1
data/raw/sid_set/00004_00307.jpg,1
data/raw/sid_set/00004_00308.jpg,1
data/raw/sid_set/00004_00309.jpg,1
data/raw/sid_set/00004_00310.jpg,0
data/raw/sid_set/00004_00311.jpg,1
data/raw/sid_set/00004_00312.jpg,1
data/raw/sid_set/00004_00313.jpg,0
data/raw/sid_set/00004_00314.jpg,0
data/raw/sid_set/00004_00315.jpg,1
data/raw/sid_set/00004_00316.jpg,0
data/raw/sid_set/00004_00318.jpg,1
data/raw/sid_set/00004_00320.jpg,0
data/raw/sid_set/00004_00323.jpg,1
data/raw/sid_set/00004_00324.jpg,1
data/raw/sid_set/00004_00325.jpg,1
data/raw/sid_set/00004_00327.jpg,0
data/raw/sid_set/00004_00328.jpg,1
data/raw/sid_set/00004_00329.jpg,1
data/raw/sid_set/00004_00330.jpg,0
data/raw/sid_set/00004_00331.jpg,1
data/raw/sid_set/00004_00333.jpg,1
data/raw/sid_set/00004_00337.jpg,0
data/raw/sid_set/00004_00338.jpg,0
data/raw/sid_set/00004_00339.jpg,1
data/raw/sid_set/00004_00340.jpg,0
data/raw/sid_set/00004_00341.jpg,1
data/raw/sid_set/00004_00343.jpg,1
data/raw/sid_set/00004_00344.jpg,1
data/raw/sid_set/00004_00346.jpg,1
data/raw/sid_set/00004_00351.jpg,1
data/raw/sid_set/00004_00352.jpg,1
data/raw/sid_set/00004_00353.jpg,0
data/raw/sid_set/00004_00356.jpg,0
data/raw/sid_set/00004_00357.jpg,0
data/raw/sid_set/00004_00358.jpg,1
data/raw/sid_set/00004_00364.jpg,0
data/raw/sid_set/00004_00365.jpg,0
data/raw/sid_set/00004_00366.jpg,0
data/raw/sid_set/00004_00368.jpg,1
data/raw/sid_set/00004_00370.jpg,1
data/raw/sid_set/00004_00372.jpg,1
data/raw/sid_set/00004_00374.jpg,1
data/raw/sid_set/00004_00375.jpg,1
data/raw/sid_set/00004_00376.jpg,0
data/raw/sid_set/00004_00377.jpg,1
data/raw/sid_set/00004_00378.jpg,1
data/raw/sid_set/00004_00379.jpg,1
data/raw/sid_set/00004_00380.jpg,0
data/raw/sid_set/00004_00381.jpg,0
data/raw/sid_set/00004_00382.jpg,1
data/raw/sid_set/00004_00383.jpg,0
data/raw/sid_set/00004_00385.jpg,0
data/raw/sid_set/00004_00386.jpg,1
data/raw/sid_set/00004_00387.jpg,1
data/raw/sid_set/00004_00389.jpg,1
data/raw/sid_set/00004_00390.jpg,0
data/raw/sid_set/00004_00391.jpg,0
data/raw/sid_set/00004_00392.jpg,1
data/raw/sid_set/00004_00393.jpg,1
data/raw/sid_set/00004_00394.jpg,0
data/raw/sid_set/00004_00395.jpg,1
data/raw/sid_set/00004_00396.jpg,0
data/raw/sid_set/00004_00397.jpg,0
data/raw/sid_set/00004_00398.jpg,1
data/raw/sid_set/00004_00399.jpg,1
data/raw/sid_set/00004_00400.jpg,1
data/raw/sid_set/00004_00402.jpg,0
data/raw/sid_set/00004_00403.jpg,0
data/raw/sid_set/00004_00411.jpg,1
data/raw/sid_set/00004_00413.jpg,1
data/raw/sid_set/00004_00414.jpg,1
data/raw/sid_set/00004_00416.jpg,1
data/raw/sid_set/00004_00418.jpg,1
data/raw/sid_set/00004_00419.jpg,0
data/raw/sid_set/00004_00420.jpg,1
data/raw/sid_set/00004_00421.jpg,0
data/raw/sid_set/00004_00422.jpg,0
data/raw/sid_set/00004_00423.jpg,0
data/raw/sid_set/00004_00424.jpg,1
data/raw/sid_set/00004_00425.jpg,0
data/raw/sid_set/00004_00426.jpg,1
data/raw/sid_set/00004_00427.jpg,0
data/raw/sid_set/00004_00429.jpg,0
data/raw/sid_set/00004_00431.jpg,1
data/raw/sid_set/00004_00432.jpg,1
data/raw/sid_set/00004_00437.jpg,0
data/raw/sid_set/00004_00438.jpg,0
data/raw/sid_set/00004_00439.jpg,0
data/raw/sid_set/00004_00440.jpg,1
data/raw/sid_set/00004_00442.jpg,1
data/raw/sid_set/00004_00443.jpg,0
data/raw/sid_set/00004_00444.jpg,0
data/raw/sid_set/00004_00445.jpg,0
data/raw/sid_set/00004_00447.jpg,0
data/raw/sid_set/00004_00449.jpg,0
data/raw/sid_set/00004_00450.jpg,1
data/raw/sid_set/00004_00451.jpg,0
data/raw/sid_set/00004_00452.jpg,1
data/raw/sid_set/00004_00456.jpg,1
data/raw/sid_set/00004_00457.jpg,0
data/raw/sid_set/00004_00460.jpg,1
data/raw/sid_set/00004_00461.jpg,0
data/raw/sid_set/00004_00463.jpg,0
data/raw/sid_set/00004_00465.jpg,0
data/raw/sid_set/00004_00466.jpg,0
data/raw/sid_set/00004_00467.jpg,0
data/raw/sid_set/00004_00468.jpg,0
data/raw/sid_set/00004_00469.jpg,1
data/raw/sid_set/00004_00470.jpg,0
data/raw/sid_set/00004_00471.jpg,1
data/raw/sid_set/00004_00474.jpg,0
data/raw/sid_set/00004_00476.jpg,0
data/raw/sid_set/00004_00477.jpg,1
data/raw/sid_set/00004_00478.jpg,0
data/raw/sid_set/00004_00479.jpg,0
data/raw/sid_set/00004_00481.jpg,0
data/raw/sid_set/00004_00484.jpg,0
data/raw/sid_set/00004_00485.jpg,1
data/raw/sid_set/00004_00487.jpg,0
data/raw/sid_set/00004_00489.jpg,1
data/raw/sid_set/00004_00490.jpg,0
data/raw/sid_set/00004_00491.jpg,0
data/raw/sid_set/00004_00494.jpg,0
data/raw/sid_set/00004_00495.jpg,1
data/raw/sid_set/00004_00498.jpg,0
data/raw/sid_set/00004_00499.jpg,0
data/raw/sid_set/00004_00500.jpg,0
data/raw/sid_set/00004_00501.jpg,0
data/raw/sid_set/00004_00504.jpg,1
data/raw/sid_set/00004_00505.jpg,0
data/raw/sid_set/00004_00508.jpg,1
data/raw/sid_set/00004_00511.jpg,1
data/raw/sid_set/00004_00514.jpg,1
data/raw/sid_set/00004_00515.jpg,1
data/raw/sid_set/00004_00522.jpg,0
data/raw/sid_set/00004_00523.jpg,0
data/raw/sid_set/00004_00526.jpg,1
data/raw/sid_set/00004_00527.jpg,0
data/raw/sid_set/00004_00529.jpg,1
data/raw/sid_set/00004_00530.jpg,0
data/raw/sid_set/00004_00531.jpg,0
data/raw/sid_set/00004_00532.jpg,0
data/raw/sid_set/00004_00533.jpg,0
data/raw/sid_set/00004_00534.jpg,0
data/raw/sid_set/00004_00535.jpg,0
data/raw/sid_set/00004_00537.jpg,1
data/raw/sid_set/00004_00538.jpg,1
data/raw/sid_set/00004_00539.jpg,0
data/raw/sid_set/00004_00541.jpg,0
data/raw/sid_set/00004_00542.jpg,0
data/raw/sid_set/00004_00543.jpg,0
data/raw/sid_set/00004_00544.jpg,0
data/raw/sid_set/00004_00545.jpg,1
data/raw/sid_set/00004_00546.jpg,1
data/raw/sid_set/00004_00547.jpg,1
data/raw/sid_set/00004_00549.jpg,1
data/raw/sid_set/00004_00550.jpg,0
data/raw/sid_set/00004_00551.jpg,1
data/raw/sid_set/00004_00552.jpg,1
data/raw/sid_set/00004_00554.jpg,1
data/raw/sid_set/00004_00556.jpg,0
data/raw/sid_set/00004_00558.jpg,0
data/raw/sid_set/00004_00563.jpg,0
data/raw/sid_set/00004_00564.jpg,1
data/raw/sid_set/00004_00566.jpg,1
data/raw/sid_set/00004_00569.jpg,0
data/raw/sid_set/00004_00570.jpg,1
data/raw/sid_set/00004_00571.jpg,1
data/raw/sid_set/00004_00572.jpg,0
data/raw/sid_set/00004_00573.jpg,1
data/raw/sid_set/00004_00574.jpg,1
data/raw/sid_set/00004_00577.jpg,1
data/raw/sid_set/00004_00580.jpg,0
data/raw/sid_set/00004_00581.jpg,1
data/raw/sid_set/00004_00582.jpg,1
data/raw/sid_set/00004_00584.jpg,1
data/raw/sid_set/00004_00585.jpg,1
data/raw/sid_set/00004_00587.jpg,1
data/raw/sid_set/00004_00588.jpg,1
data/raw/sid_set/00004_00589.jpg,0
data/raw/sid_set/00004_00591.jpg,1
data/raw/sid_set/00004_00592.jpg,1
data/raw/sid_set/00004_00593.jpg,0
data/raw/sid_set/00004_00594.jpg,0
data/raw/sid_set/00004_00595.jpg,0
data/raw/sid_set/00004_00596.jpg,0
data/raw/sid_set/00004_00597.jpg,1
data/raw/sid_set/00004_00598.jpg,0
data/raw/sid_set/00004_00599.jpg,0
data/raw/sid_set/00004_00600.jpg,1
data/raw/sid_set/00004_00601.jpg,0
data/raw/sid_set/00004_00602.jpg,0
data/raw/sid_set/00004_00603.jpg,1
data/raw/sid_set/00004_00604.jpg,0
data/raw/sid_set/00004_00605.jpg,1
data/raw/sid_set/00004_00606.jpg,0
data/raw/sid_set/00004_00609.jpg,0
data/raw/sid_set/00004_00610.jpg,1
data/raw/sid_set/00004_00612.jpg,0
data/raw/sid_set/00004_00614.jpg,1
data/raw/sid_set/00004_00617.jpg,0
data/raw/sid_set/00004_00618.jpg,0
data/raw/sid_set/00004_00619.jpg,1
data/raw/sid_set/00004_00620.jpg,1
data/raw/sid_set/00004_00622.jpg,0
data/raw/sid_set/00004_00623.jpg,1
data/raw/sid_set/00004_00625.jpg,0
data/raw/sid_set/00004_00628.jpg,1
data/raw/sid_set/00004_00633.jpg,1
data/raw/sid_set/00004_00635.jpg,0
data/raw/sid_set/00004_00637.jpg,1
data/raw/sid_set/00004_00638.jpg,0
data/raw/sid_set/00004_00639.jpg,1
data/raw/sid_set/00004_00640.jpg,0
data/raw/sid_set/00004_00641.jpg,1
data/raw/sid_set/00004_00642.jpg,0
data/raw/sid_set/00004_00643.jpg,1
data/raw/sid_set/00004_00645.jpg,0
data/raw/sid_set/00004_00646.jpg,1
data/raw/sid_set/00004_00650.jpg,0
data/raw/sid_set/00004_00652.jpg,0
data/raw/sid_set/00004_00654.jpg,1
data/raw/sid_set/00004_00655.jpg,0
data/raw/sid_set/00004_00658.jpg,1
data/raw/sid_set/00004_00659.jpg,0
data/raw/sid_set/00004_00660.jpg,0
data/raw/sid_set/00004_00661.jpg,0
data/raw/sid_set/00004_00663.jpg,1
data/raw/sid_set/00004_00664.jpg,1
data/raw/sid_set/00004_00665.jpg,0
data/raw/sid_set/00004_00666.jpg,0
data/raw/sid_set/00004_00667.jpg,0
data/raw/sid_set/00004_00668.jpg,0
data/raw/sid_set/00004_00670.jpg,0
data/raw/sid_set/00004_00671.jpg,1
data/raw/sid_set/00004_00672.jpg,1
data/raw/sid_set/00004_00673.jpg,1
data/raw/sid_set/00004_00674.jpg,1
data/raw/sid_set/00004_00678.jpg,0
data/raw/sid_set/00004_00679.jpg,0
data/raw/sid_set/00004_00681.jpg,1
data/raw/sid_set/00004_00683.jpg,0
data/raw/sid_set/00004_00684.jpg,1
data/raw/sid_set/00004_00687.jpg,1
data/raw/sid_set/00004_00688.jpg,0
data/raw/sid_set/00004_00689.jpg,1
data/raw/sid_set/00004_00690.jpg,1
data/raw/sid_set/00004_00691.jpg,1
data/raw/sid_set/00004_00692.jpg,0
data/raw/sid_set/00004_00693.jpg,1
data/raw/sid_set/00004_00694.jpg,1
data/raw/sid_set/00004_00695.jpg,0
data/raw/sid_set/00004_00697.jpg,1
data/raw/sid_set/00004_00698.jpg,1
data/raw/sid_set/00004_00699.jpg,0
data/raw/sid_set/00004_00700.jpg,1
data/raw/sid_set/00004_00701.jpg,1
data/raw/sid_set/00004_00702.jpg,1
data/raw/sid_set/00004_00703.jpg,0
data/raw/sid_set/00004_00707.jpg,1
data/raw/sid_set/00004_00709.jpg,1
data/raw/sid_set/00004_00710.jpg,0
data/raw/sid_set/00004_00712.jpg,1
data/raw/sid_set/00004_00713.jpg,0
data/raw/sid_set/00004_00714.jpg,1
data/raw/sid_set/00004_00716.jpg,1
data/raw/sid_set/00004_00722.jpg,1
data/raw/sid_set/00004_00724.jpg,0
data/raw/sid_set/00004_00727.jpg,0
data/raw/sid_set/00004_00730.jpg,0
data/raw/sid_set/00004_00731.jpg,0
data/raw/sid_set/00004_00732.jpg,1
data/raw/sid_set/00004_00733.jpg,0
data/raw/sid_set/00004_00734.jpg,0
data/raw/sid_set/00004_00735.jpg,1
data/raw/sid_set/00004_00736.jpg,0
data/raw/sid_set/00004_00738.jpg,0
data/raw/sid_set/00004_00740.jpg,0
data/raw/sid_set/00004_00741.jpg,0
data/raw/sid_set/00004_00742.jpg,0
data/raw/sid_set/00004_00744.jpg,0
data/raw/sid_set/00004_00745.jpg,0
data/raw/sid_set/00004_00747.jpg,0
data/raw/sid_set/00004_00748.jpg,0
data/raw/sid_set/00004_00750.jpg,0
data/raw/sid_set/00004_00751.jpg,0
data/raw/sid_set/00004_00753.jpg,0
data/raw/sid_set/00004_00756.jpg,0
data/raw/sid_set/00004_00758.jpg,1
data/raw/sid_set/00004_00759.jpg,0
data/raw/sid_set/00004_00760.jpg,0
data/raw/sid_set/00004_00763.jpg,0
data/raw/sid_set/00004_00764.jpg,0
data/raw/sid_set/00004_00765.jpg,0
data/raw/sid_set/00004_00768.jpg,1
data/raw/sid_set/00004_00769.jpg,1
data/raw/sid_set/00004_00770.jpg,1
data/raw/sid_set/00004_00771.jpg,0
data/raw/sid_set/00004_00772.jpg,1
data/raw/sid_set/00004_00773.jpg,1
data/raw/sid_set/00004_00774.jpg,1
data/raw/sid_set/00004_00775.jpg,0
data/raw/sid_set/00004_00776.jpg,0
data/raw/sid_set/00004_00777.jpg,1
data/raw/sid_set/00004_00779.jpg,1
data/raw/sid_set/00004_00780.jpg,1
data/raw/sid_set/00004_00781.jpg,0
data/raw/sid_set/00004_00782.jpg,1
data/raw/sid_set/00004_00783.jpg,1
data/raw/sid_set/00004_00784.jpg,0
data/raw/sid_set/00004_00788.jpg,1
data/raw/sid_set/00004_00789.jpg,1
data/raw/sid_set/00004_00790.jpg,0
data/raw/sid_set/00004_00792.jpg,1
data/raw/sid_set/00004_00793.jpg,0
data/raw/sid_set/00004_00795.jpg,1
data/raw/sid_set/00004_00798.jpg,0
data/raw/sid_set/00004_00802.jpg,0
data/raw/sid_set/00004_00803.jpg,1
data/raw/sid_set/00004_00804.jpg,1
data/raw/sid_set/00004_00805.jpg,0
data/raw/sid_set/00004_00810.jpg,1
data/raw/sid_set/00004_00811.jpg,0
data/raw/sid_set/00004_00812.jpg,0
data/raw/sid_set/00004_00813.jpg,1
data/raw/sid_set/00004_00816.jpg,0
data/raw/sid_set/00004_00819.jpg,1
data/raw/sid_set/00004_00820.jpg,0
data/raw/sid_set/00004_00821.jpg,0
data/raw/sid_set/00004_00822.jpg,0
data/raw/sid_set/00004_00824.jpg,0
data/raw/sid_set/00004_00826.jpg,1
data/raw/sid_set/00004_00828.jpg,0
data/raw/sid_set/00004_00829.jpg,1
data/raw/sid_set/00004_00830.jpg,1
data/raw/sid_set/00004_00831.jpg,1
data/raw/sid_set/00004_00832.jpg,1
data/raw/sid_set/00004_00835.jpg,1
data/raw/sid_set/00004_00836.jpg,1
data/raw/sid_set/00004_00837.jpg,1
data/raw/sid_set/00004_00838.jpg,1
data/raw/sid_set/00004_00839.jpg,0
data/raw/sid_set/00004_00840.jpg,0
data/raw/sid_set/00004_00841.jpg,0
data/raw/sid_set/00004_00842.jpg,0
data/raw/sid_set/00004_00843.jpg,0
